grower_id,receptivity_score,predicted_score
GRW_00001,0.0,0.0001932534974172579
GRW_00002,0.0,0.0014213664534989037
GRW_00003,0.0,0.00042475333723787005
GRW_00004,0.0,0.002444283021748653
GRW_00005,0.0,0.005379879964446232
GRW_00008,0.0,0.0001920286027416889
GRW_00009,0.0,0.00019888983353845587
GRW_00010,0.0,0.0015940774751613096
GRW_00011,0.0,0.0006060198429005153
GRW_00013,0.0,0.0007259094455888076
GRW_00016,0.0,0.0012800640430447288
GRW_00017,1.0,0.9734495606888474
GRW_00018,0.0,0.00045710943205518924
GRW_00019,0.0,0.013781716681378193
GRW_00020,1.0,0.9936133757215083
GRW_00021,0.0,0.0008266818812555113
GRW_00023,1.0,0.9360114959880115
GRW_00024,0.0,0.0018505469497534783
GRW_00026,0.0,0.04470590198063056
GRW_00027,0.0,0.0011972323393213912
GRW_00029,0.0,0.0005476335684797143
GRW_00031,0.0,0.20701106612774323
GRW_00033,0.0,0.011761213352183253
GRW_00034,0.0,0.0002747196229445713
GRW_00035,0.0,0.009280749628947326
GRW_00036,1.0,0.991332984360008
GRW_00037,0.0,0.5125513329697138
GRW_00038,0.0,0.5504624784480442
GRW_00040,0.0,0.007845934767755313
GRW_00041,0.0,0.5953560558380424
GRW_00042,0.0,0.0028951179988423435
GRW_00043,0.0,0.002015898472094991
GRW_00045,0.0,0.0012049470914675467
GRW_00046,0.0,9.091302196853816e-05
GRW_00047,0.0,0.00240872929646357
GRW_00048,0.0,0.001088938321727877
GRW_00049,0.0,0.005218672850115439
GRW_00050,0.0,0.00220780405024512
GRW_00051,0.0,0.0013786167114573239
GRW_00052,0.0,0.0058013286678513356
GRW_00053,0.0,6.873758644689001e-05
GRW_00054,0.0,0.00010628310108548479
GRW_00055,0.0,0.000520774727737953
GRW_00056,0.0,0.0011996034240793884
GRW_00057,0.0,0.8240409098340016
GRW_00058,0.0,0.002090900434598384
GRW_00059,1.0,0.966352594746331
GRW_00061,0.0,0.0021690137950184955
GRW_00062,0.0,0.0006215279588951478
GRW_00063,0.0,4.911912598479775e-05
GRW_00064,0.0,0.0012686117208621868
GRW_00065,0.0,0.0005120351004734084
GRW_00066,0.0,0.0008410622006525491
GRW_00067,0.0,0.0007325487092197178
GRW_00068,1.0,0.9783887325243502
GRW_00069,0.0,0.0006682155051718171
GRW_00072,0.0,0.00033727520630497283
GRW_00073,0.0,0.004859285688226813
GRW_00075,0.0,0.0013657234999259215
GRW_00076,0.0,0.0009197367758504709
GRW_00077,1.0,0.9773849575722988
GRW_00078,0.0,0.0006498069961822769
GRW_00079,0.0,9.035924923723868e-05
GRW_00080,0.0,0.0038113854550628707
GRW_00082,0.0,0.0010526197191817513
GRW_00083,0.0,0.001200140765957354
GRW_00084,0.0,0.0011806448474075658
GRW_00086,0.0,0.00026035041659915037
GRW_00087,0.0,0.01075934317971477
GRW_00088,0.0,0.0006599851226194743
GRW_00089,0.0,0.0003915217269322422
GRW_00091,0.0,0.5417060010391657
GRW_00092,1.0,0.9708048754523966
GRW_00094,0.0,0.0002956708044407622
GRW_00095,0.0,9.412950601039918e-05
GRW_00096,1.0,0.9849634554296411
GRW_00097,0.0,0.002885508789981997
GRW_00098,0.0,0.010145604849872212
GRW_00100,1.0,0.9678237738576896
GRW_00101,1.0,0.9555905720374751
GRW_00102,0.0,0.005622165985839552
GRW_00103,0.0,0.31893487638014306
GRW_00104,1.0,0.9673402442966648
GRW_00105,0.0,0.0012622157554329017
GRW_00106,0.0,0.0005534327141301068
GRW_00107,1.0,0.9463273345746304
GRW_00109,0.0,0.0003085656899204937
GRW_00111,0.0,0.0024768881230757102
GRW_00112,0.0,0.0035891225405484256
GRW_00113,0.0,5.7099724434004e-05
GRW_00114,0.0,0.0006120478581482928
GRW_00116,0.0,0.0014947548394148977
GRW_00118,0.0,0.00028447003854110053
GRW_00119,0.0,0.00041711369002909727
GRW_00122,0.0,0.0003398477928464147
GRW_00124,0.0,0.0002164168902742176
GRW_00126,0.0,0.3827267498305323
GRW_00128,0.0,0.0041095596071466164
GRW_00129,0.0,0.0006943635767107455
GRW_00130,1.0,0.9869067433087468
GRW_00131,0.0,0.006417848268439359
GRW_00133,0.0,0.00048246382123073514
GRW_00134,0.0,0.0002988139443742996
GRW_00135,1.0,0.9982293374706359
GRW_00136,0.0,8.234438333975178e-05
GRW_00137,1.0,0.9755996322537104
GRW_00138,0.0,0.0006785658377468422
GRW_00139,0.0,0.0011975477169366246
GRW_00140,1.0,0.9940391071498136
GRW_00141,0.0,0.001058280153779642
GRW_00142,0.0,0.0007287406417442506
GRW_00144,0.0,0.00021814230335070347
GRW_00145,0.0,0.000944265483420307
GRW_00148,1.0,0.9509704597779355
GRW_00149,0.0,0.0006337274375613935
GRW_00151,0.0,0.0013142134339795774
GRW_00153,0.0,0.006239054420543861
GRW_00154,0.0,0.0011774743239982913
GRW_00156,0.0,0.006182094358837884
GRW_00157,1.0,0.9928082882446518
GRW_00158,0.0,0.00041744547195182177
GRW_00159,0.0,0.0006058816058083096
GRW_00160,0.0,0.08009012088707579
GRW_00161,0.0,0.012937217570330619
GRW_00162,0.0,0.000647299860147008
GRW_00163,0.0,0.2874350391176545
GRW_00164,0.0,0.1042217989574205
GRW_00165,0.0,0.0015536301401284274
GRW_00168,0.0,0.5791815201331123
GRW_00169,0.0,0.005257521490745755
GRW_00170,1.0,0.9224397139642914
GRW_00171,0.0,0.0005042052156775407
GRW_00172,1.0,0.944735787303325
GRW_00173,1.0,0.9384982598077725
GRW_00174,0.0,0.00033903234925059515
GRW_00177,0.0,0.002288030650768387
GRW_00178,0.0,0.0017697084662577187
GRW_00179,0.0,0.00012114025990745655
GRW_00180,1.0,0.9843280708708348
GRW_00181,0.0,0.004032659960491981
GRW_00182,0.0,0.015667997049943566
GRW_00183,0.0,0.0012237787023188062
GRW_00184,0.0,7.066086655603444e-05
GRW_00185,0.0,0.02520790285044876
GRW_00186,0.0,0.00125228985241457
GRW_00189,0.0,0.005199237121890888
GRW_00191,0.0,0.0031818106031006417
GRW_00192,0.0,0.039396513093164956
GRW_00193,0.0,0.002321477937847034
GRW_00194,0.0,0.00033137145819353195
GRW_00195,0.0,0.0003747543293674325
GRW_00197,0.0,0.0016928636473614838
GRW_00198,0.0,0.0002862064863319263
GRW_00199,0.0,0.0009030639439136542
GRW_00204,0.0,0.0017359641072390239
GRW_00205,0.0,0.005321214971797196
GRW_00206,0.0,0.23593494771226586
GRW_00207,0.0,0.5941114757517947
GRW_00208,1.0,0.9595922123364158
GRW_00209,0.0,0.0008600930967489537
GRW_00210,0.0,0.00028044321263819927
GRW_00211,0.0,0.00023692810601492302
GRW_00214,0.0,0.0006626416534301676
GRW_00215,0.0,0.00025510290378912915
GRW_00216,1.0,0.9658803045723482
GRW_00217,0.0,0.0030269615623714306
GRW_00218,0.0,0.0006924134685153033
GRW_00219,0.0,0.0016269905987670442
GRW_00222,0.0,0.0259261779974502
GRW_00225,0.0,0.0027625815750741425
GRW_00226,0.0,0.059881948724592494
GRW_00227,0.0,0.00029337112909247896
GRW_00228,0.0,0.0032808861674659827
GRW_00229,1.0,0.9919004442883238
GRW_00230,0.0,0.05889771721570219
GRW_00231,0.0,0.0014784848656703008
GRW_00232,0.0,0.0005530595205000849
GRW_00234,0.0,0.002666365441569684
GRW_00235,0.0,0.0074573493429120645
GRW_00238,1.0,0.9792617563964316
GRW_00239,0.0,0.000301507641226248
GRW_00240,0.0,0.0016308745143840226
GRW_00243,0.0,0.3488183161981386
GRW_00245,0.0,0.006826062369905775
GRW_00246,0.0,0.00940831099085874
GRW_00247,1.0,0.9746106218504021
GRW_00248,0.0,0.00037400335686246306
GRW_00249,0.0,0.00011264556250349892
GRW_00250,0.0,0.0015556014475035613
GRW_00251,0.0,0.031054766355400186
GRW_00252,0.0,0.0004887592913120032
GRW_00253,0.0,0.0006737450223643664
GRW_00254,0.0,0.00010988142030824455
GRW_00257,0.0,0.0007079494945815655
GRW_00258,1.0,0.9831788907308017
GRW_00259,0.0,0.0030862309462278215
GRW_00260,0.0,0.001739050873432416
GRW_00261,0.0,0.004139826210248294
GRW_00263,0.0,0.0004327484152732413
GRW_00264,0.0,0.005561262280361918
GRW_00265,0.0,0.0020125922974344717
GRW_00266,0.0,0.004552579057420767
GRW_00267,1.0,0.9568399764666022
GRW_00268,1.0,0.982282075960381
GRW_00269,0.0,0.0020270152101192792
GRW_00270,0.0,0.00255495898043129
GRW_00271,0.0,0.0036114742892978057
GRW_00272,1.0,0.9744620568822764
GRW_00273,0.0,0.000576598092292143
GRW_00274,0.0,0.0009902856256343727
GRW_00276,0.0,0.0020561941313399367
GRW_00277,0.0,0.0009168227802205949
GRW_00278,0.0,0.00023529225285012992
GRW_00280,1.0,0.9936356940731865
GRW_00282,0.0,0.00047734147309496744
GRW_00283,0.0,0.6311978507995684
GRW_00284,0.0,0.0002031981500034736
GRW_00285,1.0,0.9713223403421711
GRW_00287,0.0,0.002863089410018752
GRW_00288,0.0,0.00045900243371312354
GRW_00291,0.0,0.003237512309180363
GRW_00292,0.0,0.0005497947974454896
GRW_00293,0.0,0.0010446624353591348
GRW_00294,1.0,0.9870560105289143
GRW_00295,1.0,0.9907356387810543
GRW_00296,0.0,0.003557790534331883
GRW_00298,0.0,1.1602493988125506e-05
GRW_00299,0.0,0.0008988985809134808
GRW_00301,1.0,0.9519365568450487
GRW_00303,0.0,0.0027426237475812335
GRW_00305,0.0,0.004221395718715135
GRW_00306,0.0,0.0018521243737599105
GRW_00307,0.0,0.005959865511658769
GRW_00308,0.0,0.0033220040953510274
GRW_00310,0.0,0.6309372609068534
GRW_00311,0.0,0.7886190603070489
GRW_00312,0.0,0.0005659828527476888
GRW_00313,0.0,0.001188573817120233
GRW_00314,0.0,0.002430252032524038
GRW_00315,0.0,0.0005640385970852659
GRW_00316,1.0,0.9100529838435849
GRW_00317,0.0,0.004922523569133957
GRW_00318,0.0,0.0009915067984662869
GRW_00319,0.0,0.005401658064015909
GRW_00321,0.0,0.00082611429700326
GRW_00322,0.0,0.01768826777373949
GRW_00323,0.0,0.0003988470754214991
GRW_00325,0.0,0.009914788113808467
GRW_00326,0.0,1.5998811286526913e-05
GRW_00327,0.0,0.03741597168700256
GRW_00328,0.0,0.00026151846618278126
GRW_00329,0.0,0.0003375450280440164
GRW_00330,0.0,0.0006627782116076643
GRW_00332,0.0,0.0010675222010785384
GRW_00333,0.0,0.00023855647083741055
GRW_00334,0.0,0.00038263823759658307
GRW_00337,1.0,0.97702014094771
GRW_00338,0.0,0.0037231181954648774
GRW_00340,0.0,0.003946177856647393
GRW_00341,0.0,0.0007984290785683273
GRW_00342,0.0,0.00010631184459998311
GRW_00344,1.0,0.973421753780851
GRW_00345,1.0,0.9824733296175788
GRW_00346,1.0,0.991038843311148
GRW_00348,0.0,0.0002627695377565562
GRW_00349,0.0,0.010942230129271056
GRW_00350,0.0,0.0010344830979214313
GRW_00351,0.0,0.5753662479021837
GRW_00352,1.0,0.9259210801451369
GRW_00353,0.0,0.0001646178745854504
GRW_00354,0.0,7.630997830053496e-05
GRW_00355,0.0,0.0007310775874850595
GRW_00356,0.0,0.018071158574436953
GRW_00357,1.0,0.9923703004081067
GRW_00359,0.0,0.00018731963712491291
GRW_00361,0.0,0.004050889964707453
GRW_00362,0.0,0.003180889007800697
GRW_00363,0.0,0.6039726531886626
GRW_00364,0.0,0.47175749932048094
GRW_00365,0.0,0.0002810667983523688
GRW_00366,0.0,0.000538870789679388
GRW_00367,0.0,0.00010787471680569869
GRW_00370,0.0,0.00044798225761293135
GRW_00372,0.0,0.0006803476457552614
GRW_00374,0.0,0.0007029533393659303
GRW_00377,0.0,0.002887990424070171
GRW_00378,1.0,0.99287439773949
GRW_00379,0.0,0.0009383758237623636
GRW_00380,0.0,0.0019715119881733236
GRW_00381,0.0,0.8490709938234146
GRW_00382,0.0,0.0023471441054058063
GRW_00383,0.0,0.002799101990030741
GRW_00387,0.0,0.00022893443582415734
GRW_00388,1.0,0.9433028445848683
GRW_00390,0.0,0.0020901454325359817
GRW_00391,0.0,0.004480598117932558
GRW_00393,0.0,0.0002792957133976852
GRW_00395,0.0,0.00017527283990588375
GRW_00397,1.0,0.9541896766484933
GRW_00400,0.0,0.0025886211156889963
GRW_00401,0.0,0.00039628447382755315
GRW_00402,1.0,0.9614066368839226
GRW_00404,0.0,0.0021449229103209185
GRW_00406,1.0,0.992317758960799
GRW_00407,0.0,0.0016465315788340372
GRW_00408,0.0,0.0002422229411143125
GRW_00409,0.0,0.6658305432018395
GRW_00410,0.0,0.40993775786724
GRW_00411,0.0,0.0012480710370760659
GRW_00412,0.0,0.7484153322472776
GRW_00413,0.0,9.886151006965927e-05
GRW_00414,1.0,0.9873779771371997
GRW_00415,0.0,0.0003042377293662115
GRW_00416,1.0,0.9769715468050172
GRW_00417,0.0,0.0035308641473030507
GRW_00419,0.0,0.0016389615519779607
GRW_00421,1.0,0.9848996092107812
GRW_00423,0.0,4.6211592303230275e-05
GRW_00424,0.0,0.0008841000968102252
GRW_00427,0.0,0.0037774566920628985
GRW_00428,0.0,0.002933249550528718
GRW_00429,0.0,0.0015617977050494765
GRW_00430,0.0,0.0005877063494020712
GRW_00431,1.0,0.9890932661356784
GRW_00432,0.0,0.005546850015680243
GRW_00433,1.0,0.9896429373801452
GRW_00434,0.0,0.0005340764356632503
GRW_00435,0.0,0.00022339884143436888
GRW_00436,0.0,0.506955441441833
GRW_00437,0.0,0.00024088299999082844
GRW_00438,0.0,0.7412326493057133
GRW_00439,1.0,0.9697575112932315
GRW_00440,1.0,0.9705278872722088
GRW_00442,0.0,0.0009829991003975763
GRW_00443,1.0,0.943697101982914
GRW_00444,0.0,0.005810188858458429
GRW_00445,1.0,0.9820606617364123
GRW_00446,0.0,0.0008345717521240759
GRW_00448,0.0,0.0008311570036106375
GRW_00449,1.0,0.95918590182242
GRW_00450,1.0,0.9498634916064074
GRW_00451,0.0,0.6252939388934083
GRW_00452,0.0,0.0005234816087182912
GRW_00454,1.0,0.9626785227132827
GRW_00456,1.0,0.9901998805376258
GRW_00457,0.0,0.00017503158516664653
GRW_00458,0.0,0.00017442491451784408
GRW_00459,0.0,0.00110704446301095
GRW_00460,0.0,0.0010544883285179575
GRW_00461,0.0,0.006579538101599951
GRW_00462,0.0,0.000419086362622025
GRW_00463,0.0,0.0020031746838064745
GRW_00464,0.0,2.450363775447836e-05
GRW_00465,0.0,0.4807814038762578
GRW_00466,0.0,0.02322704947493597
GRW_00467,0.0,0.6016727094623373
GRW_00469,1.0,0.9900681513265893
GRW_00473,0.0,0.0005276458608918477
GRW_00476,0.0,9.858834488214576e-05
GRW_00477,0.0,0.0014893060678546329
GRW_00478,1.0,0.9834051323409182
GRW_00480,0.0,0.0002985513957646682
GRW_00481,0.0,0.001980969444901051
GRW_00482,0.0,0.025469935511620044
GRW_00483,1.0,0.9595382760638106
GRW_00484,0.0,0.0011809698740868101
GRW_00486,0.0,0.0011508879337663981
GRW_00487,1.0,0.9982801151829918
GRW_00488,0.0,0.006004978725069738
GRW_00489,1.0,0.9907670859872338
GRW_00491,1.0,0.9881285506871818
GRW_00492,1.0,0.9959554517910378
GRW_00493,1.0,0.9865270416245825
GRW_00494,0.0,0.007086720679980094
GRW_00495,0.0,0.0014313567601855674
GRW_00496,0.0,0.00012246304667962353
GRW_00497,1.0,0.9677231739419206
GRW_00498,1.0,0.9368405070541113
GRW_00499,0.0,0.004257023925305397
GRW_00500,1.0,0.9787182860391375
GRW_00501,0.0,0.0005760665015669688
GRW_00502,0.0,0.0008131960871317235
GRW_00503,0.0,0.23396973886533906
GRW_00504,0.0,0.00039344745085742486
GRW_00508,0.0,0.0006768432718268567
GRW_00509,1.0,0.9875046783884396
GRW_00510,0.0,0.0003382487868474945
GRW_00511,1.0,0.966389433820391
GRW_00512,1.0,0.977575255669348
GRW_00513,0.0,0.7471054735002635
GRW_00516,0.0,0.5217726993757242
GRW_00517,0.0,0.0024514932485614786
GRW_00519,1.0,0.9584330235075128
GRW_00521,0.0,0.00012994196914597716
GRW_00522,0.0,0.0013108532920385939
GRW_00523,0.0,0.0006062239708434024
GRW_00525,0.0,0.0010608509373292118
GRW_00527,0.0,0.022000127349696256
GRW_00528,0.0,0.0004285824731495552
GRW_00530,1.0,0.9788294484543684
GRW_00531,0.0,0.7460550751938775
GRW_00534,0.0,0.0007531622879030939
GRW_00536,1.0,0.9488354377199091
GRW_00538,1.0,0.9674624896371535
GRW_00540,0.0,0.0012041416661690326
GRW_00541,1.0,0.991517561482667
GRW_00542,0.0,0.0017427357563627628
GRW_00543,1.0,0.9749185275886908
GRW_00544,0.0,0.0009141083299642645
GRW_00545,0.0,0.05608477933666072
GRW_00546,0.0,0.000689775984662219
GRW_00547,0.0,0.0006802034605142356
GRW_00552,0.0,0.0009099660537389048
GRW_00554,1.0,0.9785571528491791
GRW_00555,0.0,0.0027197188769859867
GRW_00557,0.0,0.00032636309905395756
GRW_00558,0.0,0.0006073800405327586
GRW_00559,0.0,0.00036315961590392166
GRW_00560,0.0,0.0026092166575641534
GRW_00562,0.0,0.0002703113323146699
GRW_00563,1.0,0.9935228585923865
GRW_00564,0.0,0.006396509966672718
GRW_00565,0.0,0.0006654413680423834
GRW_00567,1.0,0.897638819608387
GRW_00568,1.0,0.982586256520133
GRW_00570,0.0,0.0020935618987417293
GRW_00571,0.0,0.00019300593744264513
GRW_00572,0.0,0.0065947469993033305
GRW_00573,0.0,0.0007027790978646537
GRW_00574,0.0,0.0016558937783232256
GRW_00575,0.0,0.001064955125753957
GRW_00577,0.0,0.0005490057087046424
GRW_00578,0.0,0.0006010248463037024
GRW_00579,0.0,0.00034651021234236197
GRW_00580,0.0,0.000980451613535392
GRW_00581,1.0,0.9345398432821739
GRW_00582,0.0,0.001458280039470994
GRW_00583,0.0,0.00016999103927994597
GRW_00585,1.0,0.9647615302570904
GRW_00586,0.0,0.0013780014364768258
GRW_00587,0.0,6.458651708706052e-05
GRW_00588,0.0,0.0037166103921597786
GRW_00589,0.0,0.00020003454492034114
GRW_00590,0.0,5.847470451605715e-05
GRW_00592,0.0,0.0033559306967998834
GRW_00593,0.0,0.0006891147719673945
GRW_00594,0.0,0.001435656418800329
GRW_00595,0.0,0.00035299915919443075
GRW_00596,0.0,0.011295063581772954
GRW_00597,0.0,0.0001806554692490916
GRW_00598,0.0,0.0003459282868223315
GRW_00601,0.0,0.05789136889407087
GRW_00602,1.0,0.98288690977987
GRW_00603,0.0,0.0011885880520437697
GRW_00604,0.0,0.0019474826551300834
GRW_00605,0.0,0.0004082901032820106
GRW_00606,1.0,0.9864611793143419
GRW_00607,1.0,0.9309267865077103
GRW_00608,0.0,0.005169815981907925
GRW_00610,1.0,0.9778544350695316
GRW_00611,0.0,0.00022480934238803217
GRW_00612,0.0,0.0006344463724482676
GRW_00613,1.0,0.9437069037400113
GRW_00614,0.0,0.009539295796369661
GRW_00615,1.0,0.9849536084085667
GRW_00617,0.0,0.03498967429119909
GRW_00618,0.0,0.00017679209845918929
GRW_00619,1.0,0.9459038800033175
GRW_00620,0.0,0.0004438941455379409
GRW_00621,1.0,0.9774368056823148
GRW_00622,1.0,0.9781669719844664
GRW_00623,0.0,0.00034286901087508316
GRW_00624,1.0,0.9798170256674352
GRW_00626,1.0,0.9920832188164661
GRW_00627,1.0,0.9922274268578533
GRW_00629,0.0,0.0004805581887720537
GRW_00630,0.0,0.0012785678517787233
GRW_00631,0.0,0.000662833751005824
GRW_00633,0.0,0.00036435512713951193
GRW_00634,0.0,0.06875318661986718
GRW_00635,0.0,0.00017284892067649017
GRW_00636,0.0,0.0027318358047720183
GRW_00637,0.0,0.0002656429975314283
GRW_00639,0.0,0.0029702177854965166
GRW_00642,0.0,8.515768598115788e-05
GRW_00644,0.0,0.00026870771024968093
GRW_00645,0.0,0.0007351580678808148
GRW_00646,1.0,0.9439102897979957
GRW_00647,0.0,4.4468674090084236e-05
GRW_00648,1.0,0.9899736228178395
GRW_00649,0.0,0.0002791701144583935
GRW_00650,0.0,0.00037663547027136666
GRW_00651,0.0,0.000995927348182537
GRW_00652,1.0,0.9767160242949174
GRW_00653,0.0,0.0005130360754370769
GRW_00654,0.0,0.00029136030652893006
GRW_00656,1.0,0.9540008582614445
GRW_00657,0.0,0.0024667508562965772
GRW_00659,0.0,0.00019805020827090417
GRW_00660,0.0,0.00021633836974675874
GRW_00663,0.0,0.00040080185387059554
GRW_00667,0.0,0.001161918588409881
GRW_00668,0.0,0.0011073132395387375
GRW_00669,1.0,0.9134152858522846
GRW_00670,0.0,0.00030754522509974163
GRW_00671,0.0,0.0002458272301769274
GRW_00672,1.0,0.9950686837463367
GRW_00673,0.0,0.014049019042533317
GRW_00674,0.0,0.0006076444859182735
GRW_00675,0.0,0.0011795077514475671
GRW_00676,0.0,0.0006289046512728991
GRW_00677,0.0,0.00011324732201476287
GRW_00678,1.0,0.9927213214613461
GRW_00679,0.0,0.00036520170060000076
GRW_00680,0.0,0.0005128542470593102
GRW_00681,0.0,0.0026248297180367277
GRW_00682,0.0,0.003326418658255435
GRW_00684,0.0,0.000248052349203517
GRW_00685,0.0,0.0005931305190377672
GRW_00686,1.0,0.973993806796085
GRW_00687,0.0,0.00032884024832972446
GRW_00688,0.0,9.944668402704744e-05
GRW_00693,0.0,0.0002233020264415323
GRW_00694,0.0,0.0003519890160076012
GRW_00695,0.0,0.001481259805480294
GRW_00696,0.0,0.0004128492197970815
GRW_00699,0.0,0.014182445241989347
GRW_00700,1.0,0.9652060759096608
GRW_00701,0.0,0.0001971702983603591
GRW_00702,0.0,0.4864851167372413
GRW_00703,0.0,0.00023012333464089306
GRW_00704,0.0,0.009097095611302071
GRW_00705,0.0,0.0002919213539310105
GRW_00706,0.0,0.002136638643730708
GRW_00707,0.0,0.007427474205030868
GRW_00708,1.0,0.9891955998973326
GRW_00710,0.0,0.0021181809049817136
GRW_00711,0.0,0.0017602324978673695
GRW_00712,0.0,0.014264158280544486
GRW_00713,1.0,0.987268386409635
GRW_00714,0.0,0.001027672025710586
GRW_00715,0.0,0.0004348241331151837
GRW_00716,1.0,0.9611447661581429
GRW_00718,0.0,0.00011416272529785129
GRW_00719,1.0,0.993019168090263
GRW_00720,0.0,0.0005366787959846714
GRW_00722,0.0,0.012127953989193042
GRW_00723,0.0,0.4805689633297484
GRW_00724,1.0,0.9644021980736869
GRW_00726,0.0,0.00032775472597425535
GRW_00727,0.0,0.00037487083630428485
GRW_00728,0.0,0.000567108747925789
GRW_00729,1.0,0.9739948086611712
GRW_00731,1.0,0.9439718159103163
GRW_00732,0.0,0.0004341471866682847
GRW_00733,0.0,0.0071011067878525985
GRW_00734,0.0,0.00014653840287382066
GRW_00735,1.0,0.9709367478125039
GRW_00738,0.0,0.0003231843520393393
GRW_00739,0.0,0.26171577295694487
GRW_00740,0.0,0.00719057418574287
GRW_00743,1.0,0.9575722443638804
GRW_00744,0.0,0.00010631886257850333
GRW_00745,0.0,0.013750961100232688
GRW_00746,0.0,0.0014969356410878267
GRW_00747,0.0,0.0004969024470859742
GRW_00748,0.0,0.003339938693359811
GRW_00749,0.0,0.00018720990508746827
GRW_00750,0.0,0.0004988028798629782
GRW_00751,0.0,0.009873532253884492
GRW_00752,0.0,0.0006482127705613435
GRW_00753,0.0,0.0013997142088434335
GRW_00755,1.0,0.9744633045448332
GRW_00756,0.0,0.000629310898750364
GRW_00761,0.0,9.655899364262558e-05
GRW_00762,0.0,0.017080072566422497
GRW_00763,0.0,0.0008043138857480692
GRW_00764,0.0,0.6575640157315354
GRW_00766,0.0,0.008908659899848468
GRW_00769,0.0,0.00010325216717018262
GRW_00770,0.0,0.0011351530959089271
GRW_00771,0.0,0.009791714590354548
GRW_00772,0.0,0.0022612497433019156
GRW_00774,0.0,0.000742742151575659
GRW_00775,0.0,0.0028418169853464403
GRW_00776,0.0,0.003959162447411408
GRW_00777,0.0,0.00013827115656463604
GRW_00778,0.0,0.0033283098787435204
GRW_00779,0.0,0.0003110113650370889
GRW_00780,0.0,0.00036568147302715447
GRW_00781,0.0,0.0007744498139082175
GRW_00782,0.0,0.0008216393444390151
GRW_00783,0.0,4.1803262568994846e-05
GRW_00784,0.0,0.0010680338590208756
GRW_00785,1.0,0.9343739247739596
GRW_00786,0.0,0.03611612306624379
GRW_00787,0.0,0.0027723295227930203
GRW_00788,0.0,0.001416880216004156
GRW_00789,0.0,0.0002085791657363211
GRW_00791,0.0,0.0003411230690580325
GRW_00793,1.0,0.9688565585437151
GRW_00795,0.0,0.0018781093027552141
GRW_00797,0.0,0.006538789163500198
GRW_00798,0.0,0.006151163606373742
GRW_00800,0.0,0.002311750903488854
GRW_00801,0.0,0.00044002619084949966
GRW_00806,0.0,0.0009050937856747915
GRW_00807,0.0,0.00011035512989814188
GRW_00808,0.0,0.6870584534345536
GRW_00809,1.0,0.9436084350388984
GRW_00810,0.0,0.0007689776173321693
GRW_00811,0.0,0.0003188197631010711
GRW_00812,0.0,0.00802120738125674
GRW_00813,0.0,0.0011524771014124495
GRW_00815,0.0,0.0008429348709397456
GRW_00816,0.0,0.005760863556431356
GRW_00817,0.0,0.4253290946341769
GRW_00818,0.0,0.00016085897885985146
GRW_00819,0.0,0.00011349173747457025
GRW_00820,0.0,0.0009720987014743991
GRW_00821,0.0,0.6179212673494318
GRW_00822,0.0,0.0007683733001246665
GRW_00823,1.0,0.9638485405516721
GRW_00824,0.0,0.0005798205029209781
GRW_00828,0.0,0.004035087845429231
GRW_00829,0.0,0.0007632936153074129
GRW_00830,0.0,0.0062737577255471515
GRW_00831,0.0,0.0011891760361906077
GRW_00832,0.0,0.001868681471384948
GRW_00833,0.0,0.0005264448422107569
GRW_00834,0.0,0.025573670966079327
GRW_00835,0.0,0.019531905816313158
GRW_00839,0.0,0.0004710911149709722
GRW_00840,1.0,0.9588694570457679
GRW_00842,0.0,0.25883225062328824
GRW_00844,0.0,0.0006053062299649796
GRW_00845,0.0,0.023047707275902125
GRW_00846,0.0,0.0003679228674670548
GRW_00847,0.0,0.00011592432800030482
GRW_00848,0.0,0.0013456154220152833
GRW_00850,0.0,0.00022140675319028973
GRW_00851,1.0,0.9137140584705666
GRW_00852,0.0,0.0004916090501821746
GRW_00855,0.0,0.007068451509160017
GRW_00856,0.0,0.0007471232598125655
GRW_00857,1.0,0.9955995468072305
GRW_00860,0.0,0.0003063017739656853
GRW_00861,1.0,0.960371386005577
GRW_00862,0.0,0.003868946307595628
GRW_00863,1.0,0.9652898652268473
GRW_00864,0.0,0.0006619476224103313
GRW_00866,0.0,8.047709150680155e-05
GRW_00867,0.0,0.0026266716604186856
GRW_00868,1.0,0.9812229596771065
GRW_00870,0.0,0.00020511620715472662
GRW_00871,0.0,0.0022783012724363425
GRW_00872,0.0,0.0013810759655844675
GRW_00873,0.0,0.0004429967600958271
GRW_00875,1.0,0.988414450327083
GRW_00877,0.0,0.0001763621891830977
GRW_00880,1.0,0.9914877082108824
GRW_00882,0.0,0.001158408312184934
GRW_00883,0.0,0.0019159429031641866
GRW_00885,1.0,0.9829725343368392
GRW_00886,1.0,0.9645843860897783
GRW_00887,1.0,0.9576370712322384
GRW_00889,0.0,0.001963728116218666
GRW_00890,1.0,0.9737531079631148
GRW_00891,0.0,0.037148184910009215
GRW_00892,0.0,0.0022531494359055693
GRW_00893,0.0,0.002755336496796122
GRW_00894,0.0,0.004896413895210723
GRW_00895,0.0,0.0007897119439125777
GRW_00898,0.0,0.000854716505538163
GRW_00899,0.0,0.5827991035293143
GRW_00903,0.0,0.0006564651978118448
GRW_00904,0.0,0.0005441550177773921
GRW_00905,1.0,0.9501784747173849
GRW_00906,0.0,0.0021628621732236817
GRW_00908,0.0,0.0037351374527276908
GRW_00909,0.0,0.011383688858135494
GRW_00911,0.0,0.0013967725006984939
GRW_00912,0.0,0.00036672697606501196
GRW_00914,0.0,0.0011824485690008209
GRW_00915,0.0,0.002915127079158851
GRW_00917,0.0,0.0005991159054386814
GRW_00919,0.0,0.00023203737549903759
GRW_00920,1.0,0.9821276060516895
GRW_00921,0.0,0.22279107670128037
GRW_00923,1.0,0.9766528633877228
GRW_00924,0.0,0.00014965261865591248
GRW_00925,0.0,0.0013448537489499234
GRW_00926,0.0,0.0037776599861262397
GRW_00927,0.0,0.000376795839042584
GRW_00928,0.0,0.006515715410565734
GRW_00929,0.0,0.020277637396790144
GRW_00930,0.0,0.00014966680234783182
GRW_00931,0.0,0.01254283869787247
GRW_00932,1.0,0.9727799384783503
GRW_00935,0.0,0.00015597372779259952
GRW_00937,0.0,0.001108473605877654
GRW_00938,0.0,0.0011657456235083445
GRW_00939,0.0,0.0030426606723795912
GRW_00940,0.0,0.00021236880390107347
GRW_00941,0.0,0.004775002042017175
GRW_00942,0.0,0.0031809152283814235
GRW_00946,1.0,0.9835128295506398
GRW_00947,0.0,0.003573245563911423
GRW_00948,0.0,0.0003216304435514263
GRW_00949,0.0,0.006541163358430637
GRW_00950,0.0,0.5419914237063552
GRW_00951,0.0,0.017434796676571385
GRW_00953,1.0,0.9845035990178667
GRW_00956,1.0,0.9411035595797973
GRW_00958,0.0,0.002161767463015044
GRW_00959,0.0,0.0011581347546009994
GRW_00960,0.0,0.0019049654081132173
GRW_00961,0.0,0.00026735088479160903
GRW_00962,0.0,0.0022015215030337337
GRW_00963,0.0,0.0005486564450987657
GRW_00964,1.0,0.9923510140112399
GRW_00969,0.0,0.0002722162835177951
GRW_00970,1.0,0.9686590282900999
GRW_00971,0.0,3.6497016439452684e-05
GRW_00972,0.0,0.0013364527411786017
GRW_00974,0.0,0.00018924775368291095
GRW_00975,0.0,3.6671300298094336e-05
GRW_00976,0.0,0.00027049585783324925
GRW_00980,0.0,0.003330715980608338
GRW_00981,1.0,0.9536385927941541
GRW_00983,0.0,0.0004763709985657977
GRW_00984,1.0,0.9796449023016788
GRW_00985,0.0,0.0017287280556477509
GRW_00987,1.0,0.973728016555925
GRW_00988,0.0,0.00012078280579548272
GRW_00993,0.0,0.004485977591589104
GRW_00994,0.0,0.0008639504106667518
GRW_00995,0.0,0.0033581175691656325
GRW_00996,1.0,0.9856624103969569
GRW_00998,0.0,9.169422730044777e-05
GRW_01000,0.0,0.0003314268152020281
GRW_01003,0.0,0.002973686804288034
GRW_01005,0.0,0.0005195623704276695
GRW_01008,0.0,0.00010572741200810271
GRW_01009,0.0,0.0006386717820213904
GRW_01010,0.0,0.0012288000589724464
GRW_01011,1.0,0.9759637706010558
GRW_01012,0.0,0.0003177475022774668
GRW_01013,1.0,0.9284515584757936
GRW_01015,1.0,0.9712231918710342
GRW_01017,1.0,0.9581180416236516
GRW_01019,1.0,0.9812151823632999
GRW_01022,0.0,0.0016098452626254365
GRW_01023,0.0,0.007574035655871915
GRW_01025,0.0,0.0004522078695330331
GRW_01026,0.0,0.00023126189486540337
GRW_01028,0.0,0.03367188541427354
GRW_01029,0.0,0.00023858145586819015
GRW_01030,0.0,0.005698136692403475
GRW_01035,0.0,0.0012749085200776445
GRW_01036,0.0,0.008123664136186136
GRW_01037,0.0,0.39168613313832024
GRW_01038,0.0,0.0031111134090021962
GRW_01039,0.0,0.0016331704187237254
GRW_01040,0.0,0.38657431229507433
GRW_01041,0.0,0.0005125481880950537
GRW_01043,0.0,0.0005377216345584085
GRW_01044,0.0,0.0005453781757811453
GRW_01045,0.0,0.00020071723684702712
GRW_01046,0.0,0.0006977958851033597
GRW_01047,0.0,5.340777631280978e-05
GRW_01048,0.0,0.005677215238713454
GRW_01051,0.0,0.00013076930608240636
GRW_01052,0.0,0.3954187712095388
GRW_01053,0.0,0.4287587725651304
GRW_01054,0.0,0.0036817480254510986
GRW_01055,0.0,0.0001469122899899494
GRW_01057,1.0,0.9881932779103841
GRW_01059,0.0,0.00016427855999394937
GRW_01060,0.0,0.7252185901928522
GRW_01061,0.0,0.0036687078964269993
GRW_01066,0.0,0.001849136819912219
GRW_01068,0.0,0.00032871701096847213
GRW_01069,0.0,0.0018169785559379054
GRW_01070,0.0,0.000274257749984885
GRW_01071,0.0,0.002378021184507173
GRW_01072,0.0,0.16726935210739574
GRW_01074,0.0,0.00027089078622340493
GRW_01075,0.0,0.0007607376125855137
GRW_01076,0.0,0.002809469198486188
GRW_01077,0.0,0.0011549194377445107
GRW_01079,0.0,0.002074547918363591
GRW_01081,0.0,0.002251613313885773
GRW_01083,0.0,0.004845426940661888
GRW_01084,0.0,0.031729622146078856
GRW_01085,1.0,0.9929906390519451
GRW_01087,0.0,0.00915578805323017
GRW_01088,0.0,0.0006903067048067939
GRW_01089,0.0,0.2840252500966013
GRW_01091,0.0,0.0019848867842312914
GRW_01092,0.0,0.0002603311701345717
GRW_01093,0.0,0.025595941346761304
GRW_01094,1.0,0.9860423407903266
GRW_01096,0.0,0.0005623440174181051
GRW_01097,0.0,0.00020378339455594163
GRW_01098,0.0,0.00024606613153968656
GRW_01099,0.0,0.00048209131821897545
GRW_01101,0.0,0.004169947320052825
GRW_01102,0.0,0.004059435882817738
GRW_01103,0.0,0.0005272348772092571
GRW_01104,0.0,0.0030758676314715143
GRW_01105,0.0,0.0034003402104203825
GRW_01106,0.0,0.000862424440622194
GRW_01107,0.0,0.001781648866319666
GRW_01110,1.0,0.9236428832856103
GRW_01111,1.0,0.9710329320268296
GRW_01112,0.0,0.0007739268592351252
GRW_01116,1.0,0.9755764354837155
GRW_01117,1.0,0.9807412804763969
GRW_01118,1.0,0.9414653308605334
GRW_01119,0.0,0.0005817858662040244
GRW_01120,0.0,0.0004607513761587198
GRW_01121,0.0,0.00015998971859289626
GRW_01122,0.0,0.00017451898375137818
GRW_01123,0.0,0.0006253591226306096
GRW_01124,0.0,0.001055516300862242
GRW_01126,1.0,0.9899584421959562
GRW_01127,0.0,0.00013944032594971704
GRW_01129,1.0,0.9355472854168344
GRW_01130,0.0,0.0007167942870643679
GRW_01131,0.0,0.0012902342436913199
GRW_01132,1.0,0.9820842648554836
GRW_01134,1.0,0.9946607628856511
GRW_01135,0.0,0.15322838271160413
GRW_01136,0.0,0.00026561356016115086
GRW_01137,0.0,0.0024281294063973648
GRW_01138,0.0,0.0004325443610508578
GRW_01139,0.0,0.0002498756848527936
GRW_01140,0.0,9.62466999119657e-05
GRW_01141,1.0,0.9966127015013435
GRW_01142,0.0,0.0015116082309789554
GRW_01143,0.0,0.002158564447991867
GRW_01145,1.0,0.9451686329980844
GRW_01146,0.0,0.0007928616892785478
GRW_01147,1.0,0.9827781995709903
GRW_01148,0.0,0.0005561816098691152
GRW_01149,0.0,0.007598195247756591
GRW_01150,0.0,0.0004562294758065317
GRW_01153,1.0,0.9679149413236042
GRW_01154,0.0,0.0006271503247150972
GRW_01155,1.0,0.9916029462266003
GRW_01156,0.0,0.0007654465709387238
GRW_01158,1.0,0.9773878090026955
GRW_01159,0.0,0.00020979707450557148
GRW_01160,0.0,0.00029020935770433256
GRW_01162,0.0,4.9761830087526304e-05
GRW_01163,0.0,0.002182423231766573
GRW_01164,1.0,0.9858576829864918
GRW_01167,0.0,0.00020897345796890997
GRW_01168,0.0,0.0009616994811719086
GRW_01169,0.0,0.00016889304515040366
GRW_01170,0.0,0.006155883496733646
GRW_01171,1.0,0.9531232018637406
GRW_01172,0.0,0.00033848881587641636
GRW_01173,0.0,0.004655036199368953
GRW_01174,1.0,0.9924302828916192
GRW_01175,0.0,0.001285308892444506
GRW_01176,0.0,0.00046005507732436155
GRW_01177,0.0,0.0006625503176152845
GRW_01178,0.0,0.00011914518794834768
GRW_01179,1.0,0.9819147452590498
GRW_01182,1.0,0.945950169816712
GRW_01183,1.0,0.8363291459924779
GRW_01185,1.0,0.9776626575487777
GRW_01187,0.0,0.007867652819686783
GRW_01188,0.0,0.0031142050199521715
GRW_01189,0.0,0.00024513294155062215
GRW_01190,0.0,0.0001598819278933318
GRW_01191,0.0,0.2901098369733502
GRW_01192,0.0,0.2371429569064504
GRW_01194,0.0,0.00028498760722888686
GRW_01196,0.0,0.0003817381594959264
GRW_01197,0.0,0.0007277092003666462
GRW_01198,0.0,0.0016887892997716257
GRW_01199,0.0,0.0019575068007001333
GRW_01200,0.0,0.012865861651164134
GRW_01201,0.0,0.0016203551186737496
GRW_01202,0.0,0.0021261900481625616
GRW_01203,0.0,0.0009000219940451783
GRW_01204,1.0,0.9725644657230685
GRW_01205,0.0,0.0022117890325672462
GRW_01206,0.0,0.00013073584658599268
GRW_01207,0.0,4.770042119644377e-05
GRW_01208,0.0,0.00262109036164507
GRW_01210,0.0,0.0005391589945016923
GRW_01212,0.0,0.00031386928121394383
GRW_01214,0.0,0.0016597477682276868
GRW_01215,0.0,0.00038186114099426433
GRW_01216,0.0,0.0014554833581507485
GRW_01218,1.0,0.9808744980083879
GRW_01219,0.0,0.0011152776489836552
GRW_01220,0.0,0.0038744723964818793
GRW_01221,0.0,0.0038575274742296945
GRW_01222,0.0,0.0022902583735010425
GRW_01224,0.0,0.0076828420205570114
GRW_01226,0.0,0.0003604023858701697
GRW_01228,1.0,0.9934138807943681
GRW_01229,1.0,0.9683860594373034
GRW_01230,0.0,0.001062335648090552
GRW_01231,0.0,0.0022526721507594685
GRW_01232,0.0,0.001058590312809964
GRW_01234,0.0,0.0006933791117571176
GRW_01236,0.0,0.00014487565391408424
GRW_01237,0.0,0.005622358886265566
GRW_01239,1.0,0.9812629696592735
GRW_01240,0.0,0.0005702523644797561
GRW_01242,0.0,0.0011354000308504831
GRW_01243,0.0,0.0019984376672363786
GRW_01244,0.0,0.00015711013244705052
GRW_01245,0.0,0.3702468863172773
GRW_01247,0.0,0.006781901154134862
GRW_01248,0.0,0.0016543718055068912
GRW_01249,0.0,0.010807194806653988
GRW_01250,0.0,0.007028206942067753
GRW_01251,0.0,0.017158263030260364
GRW_01253,0.0,0.0026204131534827237
GRW_01254,0.0,0.0011793346123806852
GRW_01255,0.0,0.0006702459551014926
GRW_01256,0.0,0.0002827942501684788
GRW_01261,0.0,0.001223147022223223
GRW_01262,1.0,0.9905603229216776
GRW_01263,0.0,0.0006778896681006797
GRW_01265,0.0,0.00021570155795157549
GRW_01266,0.0,0.00017944037175478264
GRW_01267,0.0,5.349478808406589e-05
GRW_01268,0.0,0.0008791391765723698
GRW_01270,0.0,0.0009544503021443822
GRW_01271,0.0,0.011650316934907427
GRW_01272,0.0,0.0006858763326994316
GRW_01273,0.0,0.006456634327695187
GRW_01274,0.0,0.0033019806149778164
GRW_01275,0.0,0.0027609291466748342
GRW_01276,0.0,0.0019526590269980625
GRW_01277,1.0,0.965404972308799
GRW_01278,0.0,0.0018037634050434644
GRW_01279,0.0,0.005969469827934609
GRW_01280,0.0,0.3992460447374589
GRW_01281,1.0,0.9959915752884717
GRW_01282,0.0,0.001179549693366173
GRW_01283,0.0,0.0001685234936111785
GRW_01284,0.0,0.0038839980351157264
GRW_01285,1.0,0.9730287319580195
GRW_01286,1.0,0.9462114826179315
GRW_01288,0.0,0.0003308436665750318
GRW_01289,1.0,0.9669985295712464
GRW_01290,1.0,0.9789272576027692
GRW_01291,0.0,0.008948033461427902
GRW_01292,0.0,0.0011679506153415727
GRW_01294,0.0,0.0018208203813867352
GRW_01295,0.0,0.058079563423390664
GRW_01296,0.0,0.00389079798151224
GRW_01298,1.0,0.9943016165224305
GRW_01299,0.0,0.000953730645077637
GRW_01301,0.0,0.0014098897820145136
GRW_01302,0.0,0.0038846706817269815
GRW_01303,1.0,0.9033306259694645
GRW_01307,0.0,0.00038737452763861244
GRW_01308,0.0,0.0004650324065533975
GRW_01309,0.0,0.00023698485054334838
GRW_01311,0.0,0.0036520421673934887
GRW_01312,0.0,0.0061395934344533895
GRW_01314,0.0,0.0009022926990799136
GRW_01315,1.0,0.9957614133454445
GRW_01316,0.0,0.000986353101391436
GRW_01318,0.0,0.0009114020472753945
GRW_01320,0.0,0.0009099904011458015
GRW_01321,0.0,0.000752542900720372
GRW_01323,0.0,0.003357368052619629
GRW_01325,0.0,0.004692081062153644
GRW_01326,1.0,0.980918548109627
GRW_01327,0.0,0.0010031271014105153
GRW_01328,0.0,0.00010723702171675874
GRW_01329,1.0,0.990210923215597
GRW_01330,1.0,0.9897106364797171
GRW_01331,0.0,0.007387694959995613
GRW_01332,0.0,0.0017422054084479956
GRW_01333,1.0,0.9693852156889771
GRW_01335,0.0,0.20238628366975323
GRW_01336,0.0,0.010184783062189501
GRW_01337,0.0,0.00025419830817454016
GRW_01338,0.0,0.0014590622920135751
GRW_01340,0.0,0.0019605607334244072
GRW_01341,1.0,0.9105031437132078
GRW_01342,0.0,0.025750151396834974
GRW_01343,0.0,0.0005381897342305957
GRW_01346,1.0,0.9968749512801283
GRW_01347,1.0,0.9600582485236786
GRW_01350,1.0,0.980030817648653
GRW_01351,0.0,0.22028099743945592
GRW_01352,0.0,0.02425406366704154
GRW_01353,0.0,0.0066257772221632325
GRW_01354,0.0,0.006591318451645221
GRW_01355,0.0,0.4502510922447355
GRW_01356,0.0,0.0009291043958805732
GRW_01357,0.0,0.0009647239065577445
GRW_01359,0.0,0.35005346790662895
GRW_01360,1.0,0.9947538728971619
GRW_01361,0.0,0.0029302946350711653
GRW_01362,0.0,0.0010842854013475133
GRW_01363,0.0,0.00020193923052363712
GRW_01365,1.0,0.9633094979092195
GRW_01366,0.0,0.0009046570074424914
GRW_01367,0.0,0.0003940727193079131
GRW_01368,0.0,0.0009173384331294735
GRW_01369,1.0,0.9931564460369068
GRW_01370,0.0,0.0011483755140983662
GRW_01372,1.0,0.9276409546689653
GRW_01373,1.0,0.9767652216217653
GRW_01374,0.0,0.00018459783649251457
GRW_01376,0.0,0.0007986926234095459
GRW_01377,0.0,0.004410865995332859
GRW_01380,0.0,9.43162319537748e-05
GRW_01381,0.0,0.001300378834762778
GRW_01382,0.0,0.0009726769869070322
GRW_01383,0.0,0.002605414669011715
GRW_01384,0.0,0.0018498137754510363
GRW_01385,0.0,0.0005057313013637582
GRW_01386,0.0,0.0010923450690100674
GRW_01387,0.0,0.002576250132296986
GRW_01388,0.0,0.0012750173586434947
GRW_01389,0.0,0.07452246809233666
GRW_01393,0.0,0.008946708149011703
GRW_01394,0.0,0.5906867812458872
GRW_01396,0.0,5.443142497298845e-05
GRW_01397,0.0,0.0005065693007074431
GRW_01398,0.0,0.00011846639915978144
GRW_01399,0.0,0.0011634845027125704
GRW_01400,0.0,0.00036261076274921624
GRW_01401,1.0,0.9705635404700873
GRW_01402,0.0,0.0018924177302780936
GRW_01404,0.0,0.001015261828534207
GRW_01405,0.0,0.00020929753109955528
GRW_01406,0.0,0.00046947550778537436
GRW_01407,0.0,0.003185894032895721
GRW_01408,0.0,0.005513414607384544
GRW_01409,0.0,0.23168092532683213
GRW_01410,0.0,0.00035429689862691413
GRW_01411,0.0,0.004949789181766096
GRW_01412,0.0,0.0005797771035366665
GRW_01413,0.0,0.0013375928182878486
GRW_01415,0.0,0.01113408319263439
GRW_01416,0.0,0.003185155648205565
GRW_01417,0.0,0.03536784258960638
GRW_01418,1.0,0.9683720055430282
GRW_01419,0.0,0.0010189565104334072
GRW_01420,0.0,0.22581687408954335
GRW_01421,0.0,0.004175495502991689
GRW_01422,0.0,0.0010109322767179686
GRW_01423,0.0,0.0013163749770493986
GRW_01424,0.0,0.0005278732046873774
GRW_01425,0.0,0.0020428303401788515
GRW_01426,0.0,0.09981762911767046
GRW_01427,1.0,0.9889034088893169
GRW_01428,1.0,0.9887960776068865
GRW_01430,0.0,0.0007315188643825561
GRW_01433,0.0,0.022610469930281672
GRW_01435,0.0,0.00022345049037129333
GRW_01436,0.0,0.0019271535524894765
GRW_01437,0.0,0.0005161917888671692
GRW_01438,0.0,0.0005687190505050569
GRW_01439,0.0,0.36346308375044006
GRW_01440,0.0,0.000500779421548876
GRW_01441,0.0,0.002691915184928923
GRW_01443,0.0,0.018436728029407882
GRW_01444,0.0,5.311154077109136e-05
GRW_01445,0.0,0.0072017098487619086
GRW_01447,0.0,0.7049445929409004
GRW_01448,1.0,0.9381468477276966
GRW_01450,0.0,0.0003144871194773139
GRW_01451,0.0,0.00115553766241189
GRW_01452,0.0,0.0005694518728917727
GRW_01453,0.0,0.000858591340151363
GRW_01454,0.0,0.0005716879334942555
GRW_01455,0.0,0.007252862466206049
GRW_01456,0.0,0.0007472704378646089
GRW_01458,0.0,0.00029484125308861664
GRW_01460,0.0,0.0037553422414459284
GRW_01464,1.0,0.959678432855262
GRW_01465,0.0,0.01479077770129878
GRW_01466,0.0,0.013387645033915728
GRW_01467,0.0,0.00015879709366457275
GRW_01468,0.0,0.0018923600266547572
GRW_01469,0.0,0.0009841969169800291
GRW_01470,0.0,0.0003317254932652086
GRW_01471,0.0,0.003938635092411743
GRW_01472,0.0,0.00026890382418685664
GRW_01473,0.0,0.0002425059160451165
GRW_01474,1.0,0.9684696990911081
GRW_01475,0.0,0.0005583716113871434
GRW_01476,1.0,0.9810300349164351
GRW_01477,0.0,0.006908181773275453
GRW_01478,0.0,0.001616661655833857
GRW_01479,1.0,0.9421090870829096
GRW_01480,0.0,0.0005663785921053722
GRW_01481,0.0,0.0014599230332957495
GRW_01485,1.0,0.9591084393708305
GRW_01486,0.0,0.00014279100079919951
GRW_01487,0.0,0.0016005606897378265
GRW_01489,0.0,0.0018138188410623127
GRW_01491,1.0,0.995371224129913
GRW_01492,0.0,0.00017726928854539767
GRW_01493,0.0,0.0010801486564860547
GRW_01494,0.0,0.0009641823797182224
GRW_01496,1.0,0.9465277024813494
GRW_01497,0.0,0.0009475242580033399
GRW_01498,1.0,0.9860529921809463
GRW_01499,0.0,0.003251550992815948
GRW_01500,0.0,0.0007620421172189993
GRW_01501,0.0,0.004172646651371858
GRW_01503,0.0,0.0009345966692205783
GRW_01504,0.0,0.0008206023591576421
GRW_01505,1.0,0.9391630617168011
GRW_01507,0.0,0.007469782178964756
GRW_01509,0.0,0.00017415960368610142
GRW_01510,0.0,0.009530770135777408
GRW_01511,0.0,0.30186413952052055
GRW_01512,0.0,0.0006713309822337079
GRW_01513,1.0,0.96692273499547
GRW_01517,0.0,0.002797983967395166
GRW_01518,0.0,0.0035159316590767926
GRW_01520,1.0,0.9807554115589056
GRW_01521,1.0,0.9578655150477767
GRW_01523,0.0,0.0023691979459168435
GRW_01524,0.0,0.001284414922685884
GRW_01525,0.0,0.0058515014069450005
GRW_01526,0.0,0.003009289458988621
GRW_01527,1.0,0.9717836462922257
GRW_01528,0.0,0.0025319637419437945
GRW_01529,1.0,0.9912974750322976
GRW_01531,0.0,0.00759212047099013
GRW_01532,0.0,5.021284616447053e-05
GRW_01534,0.0,0.0003068944951254821
GRW_01535,0.0,0.4454715447395641
GRW_01537,0.0,0.0002320612949768245
GRW_01539,0.0,0.002192579539867832
GRW_01541,0.0,7.407253468471902e-05
GRW_01542,0.0,0.000123253845630715
GRW_01544,0.0,0.0026181697345908066
GRW_01545,0.0,0.0001421927296584925
GRW_01546,1.0,0.963143026775837
GRW_01547,1.0,0.8285312183513284
GRW_01548,0.0,0.0029609286344450068
GRW_01549,1.0,0.9720950406450943
GRW_01551,0.0,0.00034057192953563045
GRW_01552,0.0,0.014875781953431609
GRW_01555,0.0,0.0003159520935313146
GRW_01556,0.0,0.0008683226563892834
GRW_01557,0.0,0.001889850558265502
GRW_01558,0.0,0.0009856913008169403
GRW_01560,0.0,0.000699400652139764
GRW_01561,0.0,0.000283108464666119
GRW_01562,0.0,0.011159531985752006
GRW_01565,0.0,0.0003233828279146104
GRW_01566,0.0,0.004580066362063328
GRW_01568,0.0,0.00016149975559087522
GRW_01570,0.0,0.006383492120393752
GRW_01571,0.0,0.0006234357121473718
GRW_01574,1.0,0.9482621876233654
GRW_01575,0.0,0.0008742254594328111
GRW_01576,0.0,0.0012051875448613814
GRW_01577,0.0,0.0007490937860895626
GRW_01579,0.0,0.0034838424246310287
GRW_01580,0.0,6.74332376449698e-05
GRW_01581,0.0,0.0007106783051093679
GRW_01582,0.0,0.00154645772664157
GRW_01583,0.0,0.1941590445274546
GRW_01584,0.0,0.002151973898254642
GRW_01585,0.0,0.0015209239955101138
GRW_01587,0.0,6.23042634611592e-05
GRW_01588,0.0,0.06657334335082932
GRW_01589,1.0,0.9547227248638606
GRW_01590,1.0,0.9876635802389903
GRW_01591,0.0,0.015002811907177723
GRW_01592,0.0,0.06727779497851594
GRW_01595,0.0,0.006659041364072945
GRW_01596,0.0,0.0001338639526620576
GRW_01597,0.0,0.0005641456464607501
GRW_01598,0.0,0.0052090911339415
GRW_01599,0.0,0.00034928585302617353
GRW_01601,0.0,0.00037503484554832184
GRW_01602,0.0,0.0009448506295939809
GRW_01604,0.0,9.87709937773931e-05
GRW_01605,0.0,0.00218270050646499
GRW_01606,0.0,0.0005985353084072895
GRW_01608,0.0,0.002797237556662987
GRW_01610,1.0,0.959784874170318
GRW_01611,0.0,0.00017003767693841927
GRW_01612,0.0,0.0002752797647270147
GRW_01613,0.0,0.007968256814958405
GRW_01614,0.0,0.0004015056054764295
GRW_01616,1.0,0.9665913017859574
GRW_01618,0.0,0.004559449759672862
GRW_01620,1.0,0.9049424454364915
GRW_01621,0.0,0.0029081608495160906
GRW_01622,0.0,0.0005740891918480268
GRW_01623,0.0,0.0010942365160463848
GRW_01624,0.0,5.733198730643172e-05
GRW_01625,0.0,0.004191453338202569
GRW_01626,0.0,0.0012576193981775014
GRW_01628,0.0,0.0005397989146716961
GRW_01629,0.0,0.004205315386968652
GRW_01630,0.0,0.00014042648230711574
GRW_01631,0.0,0.001432588967945788
GRW_01632,0.0,0.0011133150309806565
GRW_01633,0.0,0.0011551686804253541
GRW_01635,0.0,2.8331230064624243e-05
GRW_01636,1.0,0.9746966307170021
GRW_01637,1.0,0.8420244291596902
GRW_01638,0.0,0.04409286347948457
GRW_01639,0.0,0.003414413132837391
GRW_01640,0.0,0.0006411116283145821
GRW_01641,0.0,0.0007057611995886804
GRW_01642,0.0,0.0008098162068511779
GRW_01643,0.0,0.0007413301418008548
GRW_01644,0.0,0.00016603201241542482
GRW_01646,0.0,0.0012554472388045343
GRW_01647,1.0,0.9568688943692496
GRW_01649,0.0,0.0002587468029610158
GRW_01650,0.0,0.0004660879072068491
GRW_01651,0.0,0.02427562581997876
GRW_01652,0.0,0.00258739070528607
GRW_01653,1.0,0.9506948517093586
GRW_01654,0.0,0.0008668753470458082
GRW_01655,0.0,0.00023105121642471677
GRW_01656,0.0,0.0016535872858857096
GRW_01657,0.0,0.0041220293838497195
GRW_01658,0.0,0.00039769506256939286
GRW_01659,0.0,0.0005212276687910234
GRW_01660,0.0,0.0013953883048425032
GRW_01661,0.0,0.0007829110450470158
GRW_01662,0.0,0.023978970500289402
GRW_01664,1.0,0.9781167803385223
GRW_01665,1.0,0.987623365019664
GRW_01666,0.0,0.0008898710520206334
GRW_01667,1.0,0.964467182696653
GRW_01670,1.0,0.9670734545587091
GRW_01671,0.0,0.0006124728166783681
GRW_01672,0.0,6.173507454008333e-05
GRW_01675,1.0,0.938459532970532
GRW_01677,0.0,0.0942386194551779
GRW_01678,1.0,0.9972839981801431
GRW_01679,1.0,0.9828901806390926
GRW_01680,0.0,0.0003478976705099858
GRW_01681,0.0,0.003442621968529338
GRW_01683,0.0,0.003281417221363709
GRW_01684,0.0,0.5497523154893467
GRW_01685,0.0,0.011234902706711316
GRW_01686,0.0,0.0007730971380774104
GRW_01689,0.0,0.007105824950546713
GRW_01690,0.0,0.0018476018892614938
GRW_01691,0.0,0.0001808494528665596
GRW_01693,0.0,0.8264422415460141
GRW_01694,0.0,0.5624627589405067
GRW_01695,0.0,0.0006348647083085799
GRW_01699,1.0,0.9898264025110832
GRW_01700,0.0,0.0005609321638614368
GRW_01701,1.0,0.9800920100587032
GRW_01702,0.0,0.000524502293388571
GRW_01703,0.0,0.22000872728174997
GRW_01704,1.0,0.9475435042915868
GRW_01706,0.0,0.6071666266092891
GRW_01707,0.0,0.0014463987777956504
GRW_01708,1.0,0.9788667277712125
GRW_01709,0.0,0.0003127435911118531
GRW_01710,0.0,0.00025094782678941765
GRW_01714,0.0,0.001164396505539095
GRW_01715,0.0,0.001161217742527294
GRW_01716,0.0,0.0007507147721626428
GRW_01717,0.0,0.0024567954093036456
GRW_01718,0.0,0.0003130431525803097
GRW_01720,0.0,0.00034437156944285176
GRW_01721,0.0,0.00015642040538576174
GRW_01722,0.0,0.00021804714301231642
GRW_01723,0.0,0.0007203424433193825
GRW_01725,0.0,0.00381642815657728
GRW_01726,0.0,0.00549899176693971
GRW_01728,0.0,0.0006545918593296162
GRW_01729,0.0,0.0022124797489295324
GRW_01730,0.0,0.19082733429783366
GRW_01731,1.0,0.9745275099192438
GRW_01732,1.0,0.9331796972547566
GRW_01733,0.0,0.002446613334835797
GRW_01734,0.0,5.7784575680329464e-05
GRW_01735,0.0,0.0009008789786087463
GRW_01736,0.0,0.0007864102826375131
GRW_01738,0.0,0.0005926762300190619
GRW_01740,1.0,0.988331678789133
GRW_01741,0.0,0.002501358097141321
GRW_01743,1.0,0.9854199296098705
GRW_01745,0.0,0.0013623486577517868
GRW_01746,0.0,0.001251609304832825
GRW_01747,0.0,0.0008182441475755709
GRW_01748,0.0,0.0006936441999752098
GRW_01749,0.0,0.008791165276484556
GRW_01753,0.0,0.000314353155773522
GRW_01754,0.0,0.005894087032074168
GRW_01756,0.0,0.0006617824286977759
GRW_01758,0.0,0.0009170770817366676
GRW_01759,0.0,0.0006232691974245896
GRW_01760,0.0,0.009217146847256795
GRW_01761,0.0,0.0010006910735529066
GRW_01762,0.0,0.7510056249569217
GRW_01763,1.0,0.9542440590371349
GRW_01765,0.0,0.0001735823896724727
GRW_01766,0.0,0.0003247723456321816
GRW_01767,1.0,0.9725740164407887
GRW_01768,0.0,0.4133482409611234
GRW_01769,0.0,0.0007667560667813416
GRW_01770,1.0,0.9753177087638396
GRW_01772,1.0,0.9588885439594781
GRW_01773,0.0,0.0005368182108447509
GRW_01775,0.0,0.006862181453585655
GRW_01776,1.0,0.9191949288736208
GRW_01777,0.0,0.0003967393602961221
GRW_01778,0.0,0.0032053442447652018
GRW_01779,0.0,0.0012810951964390654
GRW_01780,1.0,0.9808224033351345
GRW_01782,0.0,0.022478416773619916
GRW_01783,0.0,0.0013980133717026153
GRW_01784,0.0,0.0035659368899355406
GRW_01785,0.0,0.0022777419370744257
GRW_01786,1.0,0.9788122183159003
GRW_01787,0.0,0.0024613120355792147
GRW_01789,0.0,0.00014783857123053625
GRW_01790,0.0,0.0015592505889813998
GRW_01792,1.0,0.9636807879856227
GRW_01793,1.0,0.9726323222415192
GRW_01795,0.0,0.0011280633845647638
GRW_01796,0.0,0.0002398645994253289
GRW_01798,0.0,0.001666772283883615
GRW_01799,0.0,0.02455081566243295
GRW_01800,0.0,0.0024555293243671097
GRW_01801,0.0,0.0013580490858417843
GRW_01802,1.0,0.9705985253024674
GRW_01805,0.0,0.0005718690790570493
GRW_01806,0.0,0.002856531573780202
GRW_01807,0.0,0.00552230832829451
GRW_01809,1.0,0.8528139383400537
GRW_01810,1.0,0.9692091805697637
GRW_01811,0.0,0.006154485709505792
GRW_01812,1.0,0.9831204071179707
GRW_01813,1.0,0.9280268158567724
GRW_01814,1.0,0.9811342472252278
GRW_01815,0.0,0.0005709686274925699
GRW_01816,0.0,0.0002865491599192386
GRW_01817,1.0,0.9799220815217579
GRW_01820,0.0,0.0006036324593332938
GRW_01821,1.0,0.9003014273662584
GRW_01822,1.0,0.9197657634028684
GRW_01823,0.0,0.00017865186074008364
GRW_01824,1.0,0.9635810051504494
GRW_01825,1.0,0.9777550041526668
GRW_01826,0.0,0.3417856654202602
GRW_01827,0.0,0.0005240479127484066
GRW_01829,0.0,0.0009565749458743507
GRW_01832,1.0,0.9729649831475106
GRW_01833,0.0,0.0026631948748475818
GRW_01834,1.0,0.9335975861514064
GRW_01835,0.0,0.009915872327657463
GRW_01836,1.0,0.9794546853008332
GRW_01838,0.0,0.0633895255115837
GRW_01839,0.0,0.0008617747196473843
GRW_01840,1.0,0.9480086615419534
GRW_01841,0.0,0.00018569037501561187
GRW_01843,1.0,0.9784878289378914
GRW_01844,0.0,6.344551317850277e-05
GRW_01845,0.0,0.0005665228257195964
GRW_01846,0.0,0.00025696637711167844
GRW_01847,0.0,0.00018929230633894242
GRW_01849,0.0,0.00040715259528046634
GRW_01851,0.0,0.0014068527464764981
GRW_01852,1.0,0.9875330846309095
GRW_01853,0.0,0.42482935267138844
GRW_01854,0.0,0.015372221362558447
GRW_01856,0.0,0.006353771538279236
GRW_01859,0.0,0.008170538930053655
GRW_01861,0.0,0.0005771620631322892
GRW_01862,0.0,0.0009513924016920873
GRW_01863,0.0,0.00031744622515862567
GRW_01864,0.0,0.0008055466354876529
GRW_01867,0.0,0.0024594785522477165
GRW_01869,0.0,0.00042970154852967415
GRW_01871,0.0,0.022255946258586554
GRW_01872,0.0,0.0022602282242216313
GRW_01873,0.0,0.00017339977516172688
GRW_01875,0.0,0.007689127917155781
GRW_01876,0.0,0.02684017811965083
GRW_01877,0.0,0.0001789575973985925
GRW_01878,0.0,0.0011760932210700542
GRW_01880,0.0,0.004162979833519227
GRW_01883,0.0,0.0026578628727688355
GRW_01885,1.0,0.9674698007831264
GRW_01886,0.0,0.0031496347429446096
GRW_01888,0.0,0.0025502421094110743
GRW_01889,0.0,0.00045217507694227826
GRW_01890,0.0,0.7405949272184436
GRW_01892,0.0,0.0009911436170041926
GRW_01893,0.0,0.0011765205997471167
GRW_01894,0.0,0.0010260081599484335
GRW_01895,0.0,0.0016896184143998481
GRW_01896,0.0,0.00030045966075213117
GRW_01897,0.0,0.000331716625861855
GRW_01898,0.0,0.0014374006432156584
GRW_01899,0.0,0.0014648131550813726
GRW_01900,0.0,0.0008760083767543595
GRW_01901,0.0,4.509858978751368e-05
GRW_01902,0.0,0.0018200445463164953
GRW_01905,0.0,0.003324245219074528
GRW_01906,0.0,0.0006671180963077905
GRW_01907,0.0,0.004055927677880655
GRW_01908,0.0,0.0015658104527670573
GRW_01909,0.0,0.0002561838888818183
GRW_01910,0.0,6.0423063956310504e-05
GRW_01911,0.0,0.0023185088112182674
GRW_01913,0.0,0.005141759929264746
GRW_01915,0.0,0.001037891773244492
GRW_01916,1.0,0.945069967320172
GRW_01917,0.0,0.0024637461479548087
GRW_01918,0.0,0.0004557173218410858
GRW_01919,0.0,0.012450633252961881
GRW_01920,0.0,0.0005975193979623963
GRW_01921,0.0,0.002728998864717713
GRW_01922,1.0,0.9423678006513212
GRW_01923,0.0,0.0011264076380660616
GRW_01924,0.0,0.0009834876484891718
GRW_01926,0.0,0.0033354672639799633
GRW_01927,0.0,0.0011835184850288896
GRW_01928,0.0,0.005194945054566322
GRW_01930,0.0,0.00012371555471199516
GRW_01931,0.0,7.854849308314714e-05
GRW_01932,0.0,0.00029613358817137566
GRW_01933,0.0,0.0014823964399317989
GRW_01934,0.0,0.0007946606412241723
GRW_01935,1.0,0.9742780291302646
GRW_01938,0.0,0.0002836162882641998
GRW_01939,0.0,0.0019490083748300265
GRW_01940,1.0,0.9812817866756333
GRW_01941,0.0,0.0036517956522599576
GRW_01942,0.0,0.0006206607839676305
GRW_01943,0.0,0.0009677631553209956
GRW_01944,0.0,0.0003807161638670728
GRW_01946,0.0,0.013410322628544037
GRW_01948,0.0,0.023875627996506495
GRW_01949,0.0,0.0003099588815803756
GRW_01950,0.0,0.0005740434043786636
GRW_01951,1.0,0.9353389527560306
GRW_01952,0.0,0.014095241930696296
GRW_01953,0.0,0.04051872199956178
GRW_01954,0.0,0.010381715670553928
GRW_01956,1.0,0.9567080521386153
GRW_01957,0.0,0.0033509295110182064
GRW_01958,0.0,0.0007754076225893273
GRW_01959,0.0,0.4806249494181839
GRW_01960,0.0,0.00543147114113116
GRW_01961,0.0,0.0004576719438875122
GRW_01962,1.0,0.9927943008367653
GRW_01963,0.0,0.00023012002636239255
GRW_01964,1.0,0.9811526331412899
GRW_01965,0.0,0.12810182520946695
GRW_01966,0.0,0.0006874802214770021
GRW_01969,0.0,0.00452731763280001
GRW_01970,0.0,0.0008974154935792715
GRW_01971,0.0,0.00014537541859102306
GRW_01972,0.0,0.0008337858196051608
GRW_01974,0.0,0.00028182665585423544
GRW_01975,1.0,0.9759363718209597
GRW_01977,0.0,0.00135186257898596
GRW_01978,0.0,0.0010308633217031697
GRW_01980,0.0,0.007751482179123983
GRW_01981,1.0,0.9566580542503262
GRW_01983,0.0,0.002637263671262269
GRW_01984,0.0,0.0011292996683503415
GRW_01985,1.0,0.9920603620733854
GRW_01986,0.0,0.014040005304230298
GRW_01989,1.0,0.9582903123271641
GRW_01990,0.0,0.0006228024930837306
GRW_01991,0.0,0.0002594589873290019
GRW_01993,0.0,0.7238553602765526
GRW_01996,0.0,0.0008104222480694378
GRW_01997,1.0,0.9883641235192421
GRW_01998,0.0,0.00117943049521519
GRW_01999,0.0,0.0016081180050469084
GRW_02000,0.0,0.00037683218204186776
GRW_02001,1.0,0.9790702458551017
GRW_02008,0.0,0.00017970847418196588
GRW_02010,1.0,0.9920155970288814
GRW_02011,0.0,0.0008882632049289386
GRW_02014,0.0,0.0002429280788899281
GRW_02015,0.0,0.0007407538286706528
GRW_02016,0.0,0.001340957152173412
GRW_02017,0.0,0.0007095863815026323
GRW_02018,0.0,7.038784197128274e-05
GRW_02019,1.0,0.9776104450812552
GRW_02021,0.0,0.0014718056177309485
GRW_02022,0.0,0.0008955950586136469
GRW_02023,0.0,0.0024260928695804453
GRW_02026,0.0,0.011663438653810851
GRW_02028,0.0,0.001668994096758994
GRW_02030,0.0,0.0008835549742999369
GRW_02031,0.0,0.0010230637880394248
GRW_02032,0.0,0.0010227724337478134
GRW_02033,1.0,0.9771040228341737
GRW_02034,0.0,0.0004407509137791218
GRW_02035,0.0,0.8391051950185909
GRW_02037,1.0,0.9612418829282267
GRW_02038,0.0,0.3737272192141377
GRW_02039,0.0,0.007664754782215322
GRW_02040,1.0,0.9808139303492845
GRW_02041,1.0,0.9804816644259846
GRW_02042,0.0,0.028180260465940854
GRW_02043,0.0,0.0006742866484465575
GRW_02044,1.0,0.9576031740300032
GRW_02045,0.0,0.002643989474722577
GRW_02046,0.0,0.00015595105494518014
GRW_02047,1.0,0.9281458850420002
GRW_02048,0.0,0.00011849051697257843
GRW_02049,1.0,0.9756143895377337
GRW_02050,0.0,0.0001974960867873473
GRW_02051,1.0,0.9721181941760668
GRW_02052,0.0,0.0013846004801862633
GRW_02053,0.0,0.15919723890298382
GRW_02054,0.0,0.00270006415266815
GRW_02055,0.0,0.0004821217747682859
GRW_02056,0.0,0.00011314881212065596
GRW_02057,0.0,0.0008908061654299711
GRW_02058,1.0,0.9868631157886437
GRW_02061,0.0,0.0006117665269421397
GRW_02063,1.0,0.9240736084343807
GRW_02064,0.0,0.0015468314977225826
GRW_02065,0.0,0.013445589486147887
GRW_02066,0.0,2.8911690166130675e-05
GRW_02067,1.0,0.9957511390467044
GRW_02068,0.0,0.004230455511145392
GRW_02069,0.0,0.0003848218518473531
GRW_02070,0.0,2.2139993960947873e-05
GRW_02071,1.0,0.9504934070786468
GRW_02074,0.0,0.0014544611042216018
GRW_02075,0.0,0.0015892040777468197
GRW_02077,0.0,7.8485106921931e-05
GRW_02078,0.0,0.0003731874037573755
GRW_02079,0.0,0.0003678121520216017
GRW_02080,0.0,0.0007157466780596329
GRW_02081,0.0,0.0005947605791969208
GRW_02082,0.0,0.0014441383377382878
GRW_02084,0.0,0.00010857184760004003
GRW_02085,0.0,0.005893777808040474
GRW_02086,0.0,0.0002172973605457356
GRW_02087,0.0,0.007404956665865907
GRW_02089,0.0,0.00048015902645703716
GRW_02091,0.0,0.0019994480852364243
GRW_02092,0.0,0.0005081558814830723
GRW_02094,0.0,0.007686594851869525
GRW_02095,0.0,0.0019346281258957503
GRW_02096,0.0,0.001284274026169551
GRW_02097,0.0,0.004571831744554419
GRW_02099,0.0,0.00027428597812070767
GRW_02100,0.0,0.003078076935106602
GRW_02101,0.0,0.4483722215021968
GRW_02102,0.0,0.22717430802194616
GRW_02103,0.0,0.002775846467420676
GRW_02104,0.0,0.005126730154776637
GRW_02105,1.0,0.9933845282612238
GRW_02106,0.0,0.001616450249700759
GRW_02107,0.0,0.003734275526312723
GRW_02108,0.0,0.0016510381034308289
GRW_02109,0.0,0.0007952888329463944
GRW_02110,0.0,0.0006086634776401471
GRW_02111,0.0,0.0005962619777973239
GRW_02112,1.0,0.9796059662647971
GRW_02114,0.0,0.001309312426498146
GRW_02115,0.0,0.0030488389043904353
GRW_02116,0.0,0.0008764056375373349
GRW_02117,1.0,0.9693921086772067
GRW_02118,0.0,0.00938102976796533
GRW_02119,1.0,0.9911343459947938
GRW_02120,1.0,0.9598886038635701
GRW_02121,0.0,0.00037837735687744215
GRW_02122,1.0,0.9771179199691497
GRW_02123,1.0,0.9688697998933502
GRW_02124,0.0,0.002514083220069336
GRW_02125,0.0,0.0019679352320624466
GRW_02126,0.0,0.002927919688922964
GRW_02127,0.0,0.0003068459199793518
GRW_02128,0.0,0.0024908137108313176
GRW_02129,1.0,0.9694386929322503
GRW_02131,0.0,0.0033626553437630068
GRW_02132,0.0,0.0009308940864672842
GRW_02133,0.0,0.0007729558832626984
GRW_02134,0.0,0.0003383584838400949
GRW_02135,1.0,0.980204851394456
GRW_02137,1.0,0.9852706029049666
GRW_02138,0.0,0.002684770093769555
GRW_02140,0.0,0.002237164261356867
GRW_02145,0.0,0.00023976755947493778
GRW_02146,0.0,0.0013771815771836892
GRW_02147,0.0,0.01941983518673933
GRW_02149,0.0,0.0016717484270372712
GRW_02152,1.0,0.9824175138449047
GRW_02153,0.0,0.00213251876600991
GRW_02154,0.0,0.0032438603109581515
GRW_02155,0.0,0.0013384841899124742
GRW_02156,1.0,0.9787721184761708
GRW_02157,0.0,0.0002779779535106158
GRW_02158,0.0,0.0001192063221058141
GRW_02159,0.0,0.48274058800090786
GRW_02161,0.0,0.0010959195489321288
GRW_02162,0.0,0.008159378565726315
GRW_02163,1.0,0.9800670981503794
GRW_02164,0.0,0.0013340620668602188
GRW_02165,0.0,0.0004319573562701794
GRW_02166,1.0,0.9337546835205478
GRW_02168,1.0,0.9537292939344303
GRW_02170,0.0,0.0002530312804003651
GRW_02172,0.0,0.0006146961643413096
GRW_02174,0.0,0.0002726395747358973
GRW_02175,0.0,0.000307718242832982
GRW_02176,0.0,0.0013235039099174955
GRW_02177,1.0,0.9703722959810891
GRW_02178,0.0,0.001029448219960795
GRW_02179,0.0,0.021172800301460352
GRW_02180,0.0,0.0058817258998419865
GRW_02181,0.0,0.0009619039367991317
GRW_02182,0.0,0.00042857098638411504
GRW_02184,1.0,0.9659205804395975
GRW_02185,0.0,0.003008875156272845
GRW_02187,0.0,0.003720238260133783
GRW_02189,0.0,0.02003694908815759
GRW_02192,0.0,0.0006835406156688704
GRW_02193,0.0,0.008826000083334675
GRW_02195,1.0,0.9877648696318491
GRW_02196,0.0,0.0008502936723524514
GRW_02197,0.0,0.012640167881355361
GRW_02199,0.0,0.0017732274232156314
GRW_02200,1.0,0.9858355135146775
GRW_02201,0.0,0.00016768281554952749
GRW_02203,1.0,0.947848568719925
GRW_02204,0.0,0.0007969784229296457
GRW_02205,0.0,0.001934544306601602
GRW_02206,0.0,0.0007449021478465367
GRW_02207,1.0,0.9752772534978361
GRW_02209,0.0,0.006195480278711179
GRW_02210,0.0,0.001946451160206646
GRW_02211,0.0,0.0003258730792443796
GRW_02212,0.0,0.00024120107411200115
GRW_02213,0.0,0.00955729239366347
GRW_02214,0.0,0.0006340234500806905
GRW_02215,0.0,0.0015946161645037599
GRW_02216,0.0,0.001786995534932701
GRW_02217,1.0,0.9745522481556486
GRW_02220,0.0,0.005049223292869736
GRW_02221,0.0,0.0016442184914272388
GRW_02222,0.0,0.010371701423002958
GRW_02224,0.0,0.4667442701345074
GRW_02225,0.0,0.00030607954002787036
GRW_02227,0.0,0.0014190167166517188
GRW_02230,0.0,0.0002362028173133582
GRW_02231,0.0,0.0003195037262586056
GRW_02232,1.0,0.9866855778436436
GRW_02233,0.0,0.05020587403045221
GRW_02234,0.0,0.0015406321331438194
GRW_02235,0.0,0.00023715685928363177
GRW_02237,1.0,0.986826318355813
GRW_02238,0.0,0.00272744974760517
GRW_02239,1.0,0.9400817296967895
GRW_02240,0.0,0.38369251001041155
GRW_02241,0.0,0.0019265359741292036
GRW_02242,0.0,0.1180726921076824
GRW_02243,0.0,0.009094342806134787
GRW_02244,0.0,0.0012175250166472024
GRW_02246,0.0,0.0009073235456390242
GRW_02247,0.0,0.0033979584530200767
GRW_02249,0.0,0.0003241615528846251
GRW_02250,0.0,8.336292032458158e-05
GRW_02252,0.0,0.0018093525936069155
GRW_02253,1.0,0.9044340914703548
GRW_02254,0.0,0.0017626417251691954
GRW_02255,0.0,0.00034140481519969563
GRW_02257,0.0,0.006263496044127369
GRW_02258,0.0,0.00042211442407769675
GRW_02259,1.0,0.9020492342055734
GRW_02260,0.0,0.00045576405738273766
GRW_02261,0.0,0.0028841235626545676
GRW_02262,1.0,0.9814432068238724
GRW_02263,1.0,0.9267247370043529
GRW_02265,0.0,0.00026861605485890036
GRW_02266,0.0,0.0028620719607511335
GRW_02267,0.0,0.0006050180511409549
GRW_02268,1.0,0.9294640770569321
GRW_02269,0.0,0.0029822726596655646
GRW_02270,0.0,4.730423321593069e-05
GRW_02272,1.0,0.9508159881326731
GRW_02274,0.0,0.0003433965879313168
GRW_02276,0.0,0.0007293186235069283
GRW_02277,0.0,0.0006369983024840294
GRW_02278,0.0,0.0010334887953369458
GRW_02279,0.0,0.000349250682129587
GRW_02282,0.0,0.0002518293105106268
GRW_02283,0.0,0.003573524780505338
GRW_02284,0.0,0.0006590645292132731
GRW_02285,0.0,0.0006485106786887214
GRW_02287,0.0,0.0007127559935998802
GRW_02288,1.0,0.9429805313396767
GRW_02290,0.0,0.00020820268582634919
GRW_02291,1.0,0.9603108007930725
GRW_02292,0.0,0.0003483230718882309
GRW_02294,0.0,0.0010161023839875838
GRW_02296,0.0,0.004372825378345002
GRW_02297,0.0,0.005454909334317861
GRW_02298,1.0,0.9798300820121761
GRW_02299,1.0,0.9966052449901871
GRW_02300,0.0,0.0011361815118674983
GRW_02302,0.0,0.000635447590279063
GRW_02303,0.0,0.0001802810979468009
GRW_02306,0.0,0.0006307927464713829
GRW_02307,0.0,0.006528905709360464
GRW_02308,0.0,0.0002506461196084631
GRW_02309,0.0,0.001606596730542765
GRW_02312,0.0,0.00037582666282458456
GRW_02313,0.0,0.0012811057130569959
GRW_02315,0.0,0.00023645625437060174
GRW_02316,1.0,0.9915213817143138
GRW_02317,0.0,0.0010233004935261004
GRW_02318,0.0,0.009381587642054106
GRW_02319,1.0,0.9717044083326745
GRW_02320,0.0,0.0006889596404978204
GRW_02321,0.0,0.002582418110413883
GRW_02322,0.0,0.0153020352162452
GRW_02323,0.0,0.0006057215565994297
GRW_02324,1.0,0.9693896707735756
GRW_02325,0.0,0.00019736981790987834
GRW_02326,0.0,0.00019875618740465556
GRW_02328,0.0,0.0006581545025001051
GRW_02330,0.0,0.0007851840139162999
GRW_02331,0.0,3.714747782117751e-05
GRW_02332,0.0,0.016386696522948337
GRW_02334,0.0,0.00209085688877368
GRW_02335,0.0,0.0005929268722410968
GRW_02339,1.0,0.9820910443380739
GRW_02342,0.0,0.0008582484538214903
GRW_02343,1.0,0.9502388175748907
GRW_02345,0.0,0.23766832546444142
GRW_02346,0.0,0.00013877240428926415
GRW_02347,1.0,0.9737480513755871
GRW_02348,0.0,1.7413698236755884e-05
GRW_02349,0.0,0.0005945111001967553
GRW_02350,0.0,0.0003318977916078112
GRW_02352,0.0,3.188301954647565e-05
GRW_02353,0.0,0.0008174988273426518
GRW_02354,0.0,0.0006292039248554073
GRW_02355,1.0,0.9704438548881765
GRW_02356,0.0,0.0010392910577050895
GRW_02357,0.0,0.00416097199824779
GRW_02358,0.0,0.003398421267495184
GRW_02363,1.0,0.9773833631774694
GRW_02364,0.0,0.0011965682140943172
GRW_02365,0.0,3.336071746333104e-05
GRW_02366,1.0,0.9831188270048674
GRW_02368,0.0,0.0014977872396297607
GRW_02369,0.0,0.0013771511561272256
GRW_02370,1.0,0.9438000666704719
GRW_02371,0.0,0.5130837137800134
GRW_02373,0.0,0.0023886892183767627
GRW_02374,0.0,0.005778626500091699
GRW_02375,1.0,0.9892676585917516
GRW_02378,0.0,0.0011575642991774999
GRW_02379,1.0,0.9906928491695224
GRW_02380,0.0,0.0016332960194767286
GRW_02381,0.0,0.0013590176951673047
GRW_02382,0.0,0.0004186661126455376
GRW_02384,0.0,0.0006767883214968318
GRW_02385,1.0,0.9920616040799689
GRW_02386,0.0,7.524810530097643e-05
GRW_02387,0.0,0.0006431647510235385
GRW_02388,0.0,0.000900610461400309
GRW_02389,1.0,0.9733556685855606
GRW_02390,0.0,0.0005810406073511775
GRW_02391,1.0,0.9381103827279136
GRW_02392,0.0,0.006215030002108861
GRW_02393,0.0,0.004829988395252922
GRW_02396,0.0,0.0028333952420101696
GRW_02397,0.0,0.00043966431097185204
GRW_02398,0.0,4.6089007797265734e-05
GRW_02400,0.0,0.04860334991193348
GRW_02401,0.0,0.0009466178112921606
GRW_02402,0.0,0.000684517831289327
GRW_02403,0.0,0.000629351437890972
GRW_02404,0.0,0.0004621917067656903
GRW_02405,0.0,0.0008625562131170498
GRW_02406,0.0,0.0009574815293811242
GRW_02409,0.0,0.0008852502300263588
GRW_02411,0.0,7.857103472093411e-05
GRW_02412,0.0,0.011633005254880426
GRW_02415,1.0,0.9506053937728152
GRW_02417,1.0,0.9604859405601738
GRW_02418,0.0,0.0020924907367246047
GRW_02419,0.0,0.001223536466938239
GRW_02420,0.0,0.0008199912163577476
GRW_02421,0.0,0.00012888002114469713
GRW_02423,1.0,0.8747204847987204
GRW_02425,1.0,0.983669741066059
GRW_02426,0.0,0.0010727357573333688
GRW_02427,0.0,0.0010798233296438107
GRW_02430,1.0,0.9898206291537524
GRW_02431,0.0,0.00015653326529264648
GRW_02432,0.0,8.486248163193621e-05
GRW_02433,0.0,0.0008819830023337013
GRW_02434,0.0,0.0007935915512357401
GRW_02435,0.0,0.0017813760586166153
GRW_02436,0.0,0.0005905238569396554
GRW_02437,0.0,0.0009539509288012524
GRW_02438,0.0,0.0004596520712879183
GRW_02439,0.0,0.000522530595642502
GRW_02441,0.0,0.001419341662854542
GRW_02442,0.0,0.012448486110328559
GRW_02444,1.0,0.9869837962807663
GRW_02445,0.0,0.012994608608604987
GRW_02446,0.0,0.0001440721798966169
GRW_02447,0.0,0.013445226301411073
GRW_02448,0.0,0.0014644333835958096
GRW_02452,0.0,8.657227367274015e-05
GRW_02454,1.0,0.9895721900496232
GRW_02455,0.0,0.002031131673334903
GRW_02456,0.0,0.0013326730345432601
GRW_02457,0.0,0.0014472546241331228
GRW_02460,0.0,2.866214043708959e-05
GRW_02462,0.0,0.0012609817648462254
GRW_02463,0.0,0.0007778205774613337
GRW_02464,0.0,0.0011542501341466073
GRW_02465,0.0,0.1447269072575412
GRW_02466,0.0,0.5290184710485111
GRW_02468,1.0,0.9837451596882599
GRW_02469,1.0,0.913573779508163
GRW_02471,0.0,0.00033065344770253995
GRW_02472,0.0,0.0004323297289308696
GRW_02473,0.0,0.0012272509340688564
GRW_02474,0.0,0.0012248205289904386
GRW_02475,1.0,0.9695787693241538
GRW_02477,0.0,0.02282036986875142
GRW_02478,0.0,0.007279648816197227
GRW_02479,0.0,0.00024485250812406945
GRW_02480,0.0,0.0072146167328817935
GRW_02481,0.0,0.005473748318498939
GRW_02482,0.0,0.0009838852016962984
GRW_02483,0.0,0.0009107253795452717
GRW_02484,0.0,0.0018223430363226779
GRW_02486,0.0,0.0006633936248315985
GRW_02487,0.0,0.00039493765768219315
GRW_02488,0.0,0.00045528914282635843
GRW_02489,0.0,0.0003409697142784488
GRW_02490,1.0,0.9767440025907174
GRW_02491,0.0,0.00014366025817739335
GRW_02492,1.0,0.9565913271005115
GRW_02494,0.0,0.0024848205933097624
GRW_02495,0.0,0.0017618814773025608
GRW_02496,0.0,9.100124216031457e-05
GRW_02499,1.0,0.9809113611923697
GRW_02500,0.0,0.00044836239746451963
GRW_02501,0.0,0.0013058425639013525
GRW_02502,0.0,0.006646361325219188
GRW_02504,0.0,0.0006478871811212052
GRW_02505,1.0,0.9642786997664983
GRW_02508,0.0,0.0008457469519987309
GRW_02509,0.0,0.0011360290655164406
GRW_02510,1.0,0.8704207981733196
GRW_02511,1.0,0.9118727155025907
GRW_02512,0.0,0.0008815850323051333
GRW_02514,1.0,0.9942926724716384
GRW_02515,1.0,0.9877616832164018
GRW_02516,1.0,0.9333066734134182
GRW_02517,1.0,0.9816852811618634
GRW_02518,0.0,0.003330969932893253
GRW_02521,0.0,0.0005897205335512503
GRW_02522,1.0,0.8928159521194332
GRW_02523,0.0,0.0011917537764692474
GRW_02525,0.0,0.000155487469660252
GRW_02526,0.0,0.001463461954210245
GRW_02527,0.0,0.6948396843959714
GRW_02528,0.0,0.00049181471282202
GRW_02529,0.0,0.0016299561547579694
GRW_02530,0.0,0.001631862715263208
GRW_02532,0.0,0.024065314175299123
GRW_02534,0.0,0.34848698604660566
GRW_02535,0.0,0.0011920640269520567
GRW_02539,0.0,0.0011182753342351556
GRW_02541,0.0,0.0014108954381978694
GRW_02543,0.0,0.0038840065008385856
GRW_02545,0.0,6.815085002723972e-05
GRW_02546,0.0,0.053227799804428565
GRW_02547,0.0,0.009032361571255997
GRW_02548,0.0,0.00046689395513984733
GRW_02549,0.0,0.0010876137570138562
GRW_02550,0.0,0.00020162416737795448
GRW_02551,1.0,0.9577241741456768
GRW_02552,0.0,0.0012181338815412108
GRW_02553,0.0,0.0025307878936913397
GRW_02554,0.0,0.009750049412567406
GRW_02555,0.0,0.00015795189254699435
GRW_02556,0.0,0.0006533301618109377
GRW_02557,1.0,0.9816122898788902
GRW_02558,0.0,0.0023418183153848505
GRW_02559,0.0,0.011620955677535382
GRW_02560,0.0,0.00010816238132553388
GRW_02561,0.0,0.00060293641508639
GRW_02564,0.0,0.001566358875585278
GRW_02565,0.0,0.0005230789035292018
GRW_02566,0.0,0.0006684686925289482
GRW_02567,0.0,0.00022395220701438532
GRW_02569,1.0,0.9822218289854645
GRW_02572,0.0,0.0008776182546940366
GRW_02573,0.0,0.003317944754034072
GRW_02574,0.0,0.0012759994863855244
GRW_02576,0.0,0.003622416349307287
GRW_02577,0.0,0.012290592366884227
GRW_02578,1.0,0.9570617175846168
GRW_02579,0.0,0.0008143484248396653
GRW_02580,0.0,0.0005422060933998651
GRW_02581,0.0,0.0036575333992275487
GRW_02582,1.0,0.9892200405598022
GRW_02583,1.0,0.9646058354944287
GRW_02585,0.0,0.6721718473022343
GRW_02586,0.0,0.009993489605168507
GRW_02587,0.0,0.00013349007233652547
GRW_02588,0.0,0.09402233257317234
GRW_02589,0.0,0.620265703888369
GRW_02590,0.0,0.0002613576929545187
GRW_02592,0.0,0.006886372943473012
GRW_02593,1.0,0.9312555337498702
GRW_02595,0.0,0.045790172405859975
GRW_02596,0.0,0.26380176225466995
GRW_02597,0.0,0.001280040266128322
GRW_02598,0.0,0.0005900944227867112
GRW_02600,0.0,5.525981695337602e-05
GRW_02601,0.0,0.000490636206706154
GRW_02602,0.0,0.0008534528840633804
GRW_02603,1.0,0.9729078982264442
GRW_02604,0.0,0.00013487506107989
GRW_02605,0.0,0.004352942386885767
GRW_02607,0.0,0.0007261893130157022
GRW_02608,0.0,0.00033854222601265623
GRW_02609,0.0,0.0024399115975367895
GRW_02610,0.0,0.019919974195516017
GRW_02611,0.0,0.0080551919450841
GRW_02613,0.0,0.00022886875414015326
GRW_02614,0.0,0.00040563891714868154
GRW_02616,0.0,0.0008293721179009329
GRW_02617,1.0,0.9840525487721499
GRW_02618,0.0,7.225717836462786e-05
GRW_02619,1.0,0.9517733375889401
GRW_02620,1.0,0.9879260849327475
GRW_02621,1.0,0.9530426056229111
GRW_02622,0.0,0.0007786600839718897
GRW_02625,0.0,0.007901310384626081
GRW_02626,0.0,0.0005458728409345258
GRW_02627,0.0,0.0005215770039824514
GRW_02628,1.0,0.935680860413198
GRW_02629,0.0,0.000246988416190877
GRW_02631,0.0,0.010284561788508485
GRW_02632,0.0,0.0004938104991497399
GRW_02633,0.0,0.014231577374369385
GRW_02635,1.0,0.9738520765137091
GRW_02637,0.0,0.0010312249313758537
GRW_02638,0.0,0.00018010781669063863
GRW_02639,0.0,0.002002567669204068
GRW_02641,0.0,0.0005840637279418656
GRW_02643,0.0,0.0002035530182164762
GRW_02644,0.0,0.005805744231889785
GRW_02645,0.0,0.0009592840910974715
GRW_02646,0.0,0.0015273293558463567
GRW_02649,1.0,0.9855757869067888
GRW_02650,1.0,0.9818502614431383
GRW_02651,0.0,0.000931837655841834
GRW_02653,0.0,0.0006913506466835666
GRW_02654,1.0,0.9889377917450827
GRW_02655,0.0,0.4130453166743955
GRW_02656,0.0,0.00052881785655632
GRW_02657,0.0,0.00012853334777973655
GRW_02659,0.0,0.00027277735656973227
GRW_02660,0.0,0.4568273266539637
GRW_02661,0.0,0.6732791513372258
GRW_02662,0.0,0.0005288003269891394
GRW_02663,0.0,0.006601530038936602
GRW_02664,0.0,0.0029904074251823143
GRW_02665,0.0,0.0005546461905546353
GRW_02666,0.0,0.0010458103083495767
GRW_02667,0.0,0.0012599447827016123
GRW_02668,0.0,0.000496685417302054
GRW_02669,0.0,0.14051303807597096
GRW_02670,0.0,0.0003875905347289421
GRW_02671,0.0,0.0002652203945763178
GRW_02673,0.0,0.0040784105028057425
GRW_02674,0.0,0.005376964562229758
GRW_02675,0.0,0.00044181031916398203
GRW_02676,1.0,0.9392403936005228
GRW_02677,0.0,0.0006037816764736506
GRW_02683,0.0,0.0030659252668700718
GRW_02685,0.0,0.0002699605626906836
GRW_02686,0.0,0.0008204265717615264
GRW_02687,0.0,0.001058682099355887
GRW_02688,0.0,0.00011423729592628361
GRW_02689,0.0,1.3069755414564662e-05
GRW_02691,0.0,0.0032314701482263584
GRW_02692,0.0,0.00013215122592946372
GRW_02693,0.0,0.006347901165553075
GRW_02694,0.0,0.8267988737416655
GRW_02695,1.0,0.8933059357051081
GRW_02696,0.0,0.0013025278336636548
GRW_02697,0.0,0.0010995279926486069
GRW_02698,0.0,0.009917871681756117
GRW_02699,0.0,0.000652127792778149
GRW_02700,0.0,0.0010882827279649556
GRW_02702,0.0,0.002577325872661959
GRW_02703,0.0,7.530197999056712e-05
GRW_02707,0.0,0.0007557599563770369
GRW_02709,0.0,0.004934507655559409
GRW_02710,0.0,0.004725946246908239
GRW_02715,0.0,0.548793026286137
GRW_02716,0.0,0.0022278382064557204
GRW_02717,1.0,0.9709167415084988
GRW_02718,0.0,0.001638395917751941
GRW_02719,0.0,0.04530274256429789
GRW_02720,0.0,0.019605172847387834
GRW_02721,0.0,0.007735860327736125
GRW_02722,0.0,0.0037381330699939267
GRW_02724,0.0,0.002353867439033718
GRW_02725,0.0,0.0013962741308006326
GRW_02727,0.0,0.0016669862327690923
GRW_02728,0.0,0.00018576420018759327
GRW_02729,0.0,0.0015112060917505071
GRW_02730,0.0,0.00027445024743858403
GRW_02732,1.0,0.9575876645692085
GRW_02733,1.0,0.9651118272613773
GRW_02734,0.0,0.0002804411506617752
GRW_02736,0.0,0.0005519499981212099
GRW_02738,0.0,0.003421319621156426
GRW_02741,0.0,0.00016950416508653682
GRW_02742,0.0,0.0003851414709869729
GRW_02744,0.0,0.0016058566530171238
GRW_02745,1.0,0.9482012517007531
GRW_02747,0.0,0.0006370533862024496
GRW_02749,1.0,0.9843198112257369
GRW_02750,0.0,0.005488754027476211
GRW_02751,0.0,0.004871235138368704
GRW_02752,0.0,0.0021130735210615308
GRW_02753,0.0,0.0025790239982552837
GRW_02754,0.0,0.003052648887725717
GRW_02755,1.0,0.9901466621525451
GRW_02756,0.0,0.0013587201318911014
GRW_02757,1.0,0.9968478776287771
GRW_02760,1.0,0.9820522521174346
GRW_02761,0.0,0.0002953721554004553
GRW_02763,1.0,0.9820899696401045
GRW_02764,0.0,0.0012417653613429566
GRW_02765,0.0,0.0015866888680961414
GRW_02767,0.0,0.0008774055875124025
GRW_02768,0.0,0.00034287062765826407
GRW_02769,0.0,0.008424522843010377
GRW_02770,0.0,0.0013567847191625912
GRW_02773,0.0,0.21612893717307702
GRW_02774,0.0,0.0018818403381557376
GRW_02775,0.0,0.0004555334811703303
GRW_02776,0.0,0.0006269195909264863
GRW_02781,0.0,0.0009840876143555966
GRW_02783,0.0,0.005671030767946153
GRW_02784,0.0,0.00031699731743453635
GRW_02785,0.0,0.00014014478033155255
GRW_02788,0.0,0.0037152608928395234
GRW_02790,0.0,0.004723149915422706
GRW_02791,0.0,0.0011008442284637901
GRW_02792,0.0,0.0010035066731311924
GRW_02794,1.0,0.9882118194086809
GRW_02796,0.0,0.0032353374555821306
GRW_02797,0.0,0.0001989754685882347
GRW_02798,1.0,0.969229381588567
GRW_02799,1.0,0.9928403567311312
GRW_02800,0.0,8.22647142442084e-05
GRW_02801,0.0,0.001203316735525552
GRW_02802,0.0,0.4060582437602084
GRW_02803,0.0,0.0005827722111855896
GRW_02804,0.0,0.0034689979436414034
GRW_02805,0.0,0.002032346138625726
GRW_02806,0.0,0.011609434182706019
GRW_02807,0.0,0.00032734126808934546
GRW_02809,0.0,0.0010525014102293476
GRW_02811,0.0,0.015132641527982316
GRW_02812,0.0,0.00040544842675768164
GRW_02813,1.0,0.9010577976065935
GRW_02814,1.0,0.9901174074313931
GRW_02817,1.0,0.983832283142242
GRW_02818,0.0,0.0004177767140778954
GRW_02819,0.0,0.002786917692539491
GRW_02821,0.0,0.0009459050042342367
GRW_02822,1.0,0.9458606464173455
GRW_02824,0.0,0.0006662741861880622
GRW_02825,0.0,0.0010275548542752644
GRW_02826,1.0,0.98273576981313
GRW_02827,0.0,0.0008023231181320143
GRW_02829,0.0,0.0004691243434409616
GRW_02832,0.0,0.2069463162489459
GRW_02834,0.0,0.00014037269257437745
GRW_02836,0.0,9.566896401522198e-05
GRW_02837,0.0,0.0035001617463272694
GRW_02840,1.0,0.9875069179032401
GRW_02842,1.0,0.9789900263512524
GRW_02843,0.0,0.0006056726315523678
GRW_02845,0.0,0.0018962365145864675
GRW_02846,0.0,0.004284683536809842
GRW_02847,0.0,0.0045120270594629
GRW_02849,0.0,0.003234762573367837
GRW_02850,0.0,7.734614360122581e-05
GRW_02851,0.0,0.0005600081336290571
GRW_02852,1.0,0.9748487597709377
GRW_02853,0.0,0.0002882451909827288
GRW_02855,0.0,0.000575000519384073
GRW_02856,1.0,0.9575967406073522
GRW_02858,1.0,0.9948376145636392
GRW_02860,0.0,0.004686264081101509
GRW_02861,0.0,0.0019580740809746044
GRW_02862,0.0,0.0020693984193181462
GRW_02863,0.0,0.00013011170065391073
GRW_02865,0.0,0.0019100204750524539
GRW_02866,0.0,0.0005207828494630492
GRW_02868,1.0,0.9740316638632756
GRW_02869,0.0,0.005892379437136574
GRW_02870,0.0,0.0005436101155110117
GRW_02871,1.0,0.9309685484407506
GRW_02872,0.0,0.21435616876236563
GRW_02873,0.0,0.0006957765421903333
GRW_02874,0.0,0.0008052251271986118
GRW_02876,0.0,0.0003369231801625127
GRW_02877,0.0,0.38339508306978826
GRW_02878,0.0,0.00045457363858029726
GRW_02879,0.0,0.0003892601369876841
GRW_02880,0.0,0.00029805792480069176
GRW_02881,0.0,0.0004159464910216487
GRW_02882,0.0,0.001605144997361756
GRW_02883,0.0,8.504106143439514e-05
GRW_02884,0.0,0.595038256156284
GRW_02885,0.0,0.00014636947582988977
GRW_02887,0.0,0.00015831653754485946
GRW_02888,1.0,0.9851611197344193
GRW_02890,0.0,0.00011142322317845145
GRW_02891,0.0,0.0035403383063617303
GRW_02892,0.0,0.012432251598777554
GRW_02893,0.0,0.0004343130285064036
GRW_02894,1.0,0.9626572626393779
GRW_02895,0.0,0.13374492282439934
GRW_02896,0.0,0.002712188935504416
GRW_02897,0.0,0.0014574143044020845
GRW_02898,0.0,0.0005539240936674179
GRW_02899,1.0,0.9928530540231983
GRW_02900,0.0,0.00034952118674296527
GRW_02902,0.0,0.0014620558740081968
GRW_02904,0.0,0.00042087197418607894
GRW_02905,0.0,0.0014752110911891647
GRW_02906,0.0,0.0005269472733531614
GRW_02908,0.0,0.0039585402022006095
GRW_02909,0.0,0.001669358682656766
GRW_02910,0.0,0.0007674379528296558
GRW_02911,0.0,0.000287891872997612
GRW_02913,0.0,0.00456618764355242
GRW_02914,0.0,0.0003695933135775254
GRW_02915,0.0,0.004731949205658042
GRW_02918,0.0,0.00028528609788882383
GRW_02919,0.0,0.000548529504623393
GRW_02921,0.0,0.0026460449413642307
GRW_02922,0.0,0.005050520183518323
GRW_02923,0.0,0.0001741466308064076
GRW_02925,0.0,0.0003918351299155423
GRW_02926,0.0,0.0001461797139591653
GRW_02927,0.0,0.000555588725308774
GRW_02929,0.0,0.000837829573684501
GRW_02930,0.0,0.00025096040098734353
GRW_02931,0.0,0.00015456825874093813
GRW_02932,1.0,0.9803722384857526
GRW_02933,0.0,0.0013186011774204778
GRW_02934,0.0,0.0004355623743955874
GRW_02935,0.0,0.7160389828286134
GRW_02936,0.0,0.0016679474835387985
GRW_02938,0.0,0.0013374025403250134
GRW_02939,0.0,0.002868901494844164
GRW_02940,1.0,0.9169448007007887
GRW_02941,0.0,0.6021091321067416
GRW_02942,1.0,0.9296857162831182
GRW_02943,0.0,0.001063838367275264
GRW_02944,1.0,0.9543823432600189
GRW_02946,0.0,0.0009012410405765314
GRW_02947,0.0,0.019857954773968615
GRW_02948,1.0,0.9424227311724708
GRW_02949,1.0,0.8981360687849658
GRW_02950,0.0,0.0001464116078993098
GRW_02951,0.0,0.005800453429237815
GRW_02953,0.0,0.003905805780970059
GRW_02954,1.0,0.9901208557858693
GRW_02955,0.0,0.002428227146667538
GRW_02956,0.0,0.0014257174270006566
GRW_02957,0.0,0.004510744929533403
GRW_02958,0.0,0.0006846816465237133
GRW_02959,0.0,0.0002611969413815796
GRW_02961,1.0,0.9906261606947045
GRW_02962,0.0,0.000519088832749581
GRW_02963,0.0,0.00044109914665647876
GRW_02965,0.0,0.0006986706140105648
GRW_02966,0.0,0.015213741160492027
GRW_02967,0.0,0.0038819618875419216
GRW_02968,1.0,0.9701467052363485
GRW_02970,1.0,0.9798107257153024
GRW_02971,0.0,0.0007782885715193836
GRW_02972,1.0,0.9877602320470777
GRW_02974,0.0,0.0032905239682806033
GRW_02976,0.0,0.000477100225471613
GRW_02977,0.0,0.0007574270393341648
GRW_02978,0.0,0.0007209089545449279
GRW_02979,0.0,0.00272412666561328
GRW_02980,1.0,0.9831524605048794
GRW_02982,0.0,2.5203162221994148e-05
GRW_02983,1.0,0.8973606293595809
GRW_02984,1.0,0.9554195615933314
GRW_02985,1.0,0.9693843632681034
GRW_02986,0.0,0.025023621915393958
GRW_02987,0.0,0.000423981527217793
GRW_02990,1.0,0.9920774375932808
GRW_02991,0.0,0.0004433931284888269
GRW_02992,0.0,0.006211628768820881
GRW_02994,0.0,0.002999754521911185
GRW_02995,1.0,0.9611708893713267
GRW_02997,0.0,0.00043539372724354437
GRW_02998,0.0,0.0004169354072363856
GRW_02999,1.0,0.9720901690705782
GRW_03000,0.0,0.0035140588526331837
GRW_03001,1.0,0.968480178933599
GRW_03003,0.0,0.00028842734716326917
GRW_03004,0.0,0.6726920690448954
GRW_03005,0.0,0.0013859851646395483
GRW_03006,1.0,0.9386736661272849
GRW_03008,0.0,0.00042324901899720995
GRW_03010,0.0,0.0018191014590925446
GRW_03011,0.0,0.0010198909881389438
GRW_03012,0.0,0.0016461722134217475
GRW_03014,0.0,0.0006839266783970984
GRW_03016,0.0,0.001123704395540122
GRW_03018,0.0,0.0004059188029156753
GRW_03019,0.0,0.0003167474281831486
GRW_03021,0.0,0.00016594580144540247
GRW_03023,1.0,0.9791617780173123
GRW_03024,0.0,0.0063144780107877345
GRW_03026,0.0,0.000468161637887218
GRW_03027,0.0,0.0021240353469803323
GRW_03028,0.0,0.00018703657621074832
GRW_03029,0.0,0.00012882957412648933
GRW_03030,0.0,0.0004008722897341851
GRW_03031,0.0,0.000514447390742095
GRW_03032,0.0,0.0002116853709693056
GRW_03033,0.0,0.002307929343742566
GRW_03034,0.0,0.00023991554497571012
GRW_03035,1.0,0.9877092277850661
GRW_03036,0.0,0.017886186992031428
GRW_03037,0.0,0.0032744987980571575
GRW_03038,0.0,0.00016865325369150422
GRW_03039,0.0,0.004758732526433707
GRW_03040,0.0,0.0007345008687091974
GRW_03041,1.0,0.9841633133235211
GRW_03044,1.0,0.9699292885917922
GRW_03045,0.0,0.0017040436631312295
GRW_03046,0.0,0.0001615501102475973
GRW_03047,0.0,0.39621176742832465
GRW_03048,1.0,0.9734006510640524
GRW_03049,0.0,0.00181277567096811
GRW_03050,0.0,0.00023391555642218143
GRW_03051,0.0,0.0005277228378705746
GRW_03052,0.0,0.0009121657276403926
GRW_03053,0.0,0.3434434595433285
GRW_03054,0.0,0.008096313442171321
GRW_03055,0.0,0.0012122884426294556
GRW_03056,0.0,0.0016853722637101374
GRW_03057,0.0,0.5531511790565488
GRW_03058,0.0,0.002889845179217236
GRW_03059,0.0,0.0037450075933811644
GRW_03060,1.0,0.9955291274437725
GRW_03062,0.0,0.005858042369611904
GRW_03063,0.0,0.0017780070523625586
GRW_03064,1.0,0.985296163446113
GRW_03065,0.0,0.0014690193215570785
GRW_03066,0.0,0.0013575847782383947
GRW_03068,0.0,0.0022145460121844197
GRW_03069,0.0,0.00010023912773824063
GRW_03071,0.0,0.18855277969328996
GRW_03072,0.0,0.00014753757694694518
GRW_03073,0.0,0.008205964713694388
GRW_03074,0.0,0.00031615912404280044
GRW_03076,0.0,0.0003005846516191608
GRW_03078,1.0,0.9908492540203372
GRW_03079,1.0,0.9663426521058353
GRW_03081,0.0,0.00012250847102825057
GRW_03082,0.0,0.004294927767111507
GRW_03083,0.0,0.0026504926261423168
GRW_03087,0.0,0.0028252707268208496
GRW_03089,0.0,0.0013948198164940016
GRW_03090,0.0,0.0006134401819466581
GRW_03091,0.0,0.0014225562552037077
GRW_03093,0.0,0.0001745787243264776
GRW_03094,0.0,0.0002508483392977018
GRW_03095,0.0,0.000692945272335636
GRW_03096,0.0,0.0009273540739599192
GRW_03097,0.0,0.0009130747841829329
GRW_03098,0.0,0.0001956879783981703
GRW_03099,0.0,0.004876255714174449
GRW_03100,1.0,0.9554905574696371
GRW_03101,0.0,0.0003654344843903112
GRW_03102,0.0,0.4922543210839149
GRW_03103,0.0,7.78015110709681e-05
GRW_03104,1.0,0.9658952278033467
GRW_03106,1.0,0.9818550664238269
GRW_03107,0.0,0.018853069457478788
GRW_03108,0.0,0.0009482003002818473
GRW_03109,0.0,0.0031989550359504764
GRW_03110,1.0,0.9901658031608299
GRW_03112,0.0,0.0004989302468607906
GRW_03113,0.0,0.0001484138924827396
GRW_03114,0.0,0.0034259674886558673
GRW_03115,0.0,0.0006954573841431704
GRW_03119,0.0,0.00751413967343891
GRW_03121,0.0,0.00018225862154170022
GRW_03124,1.0,0.9825707852054839
GRW_03125,0.0,0.0006204896118901458
GRW_03126,0.0,0.000108648891387241
GRW_03128,0.0,0.0005662897303373206
GRW_03129,0.0,0.00043532357722625295
GRW_03130,1.0,0.9318996521060783
GRW_03131,0.0,0.001060850422782534
GRW_03134,0.0,0.03505617328356113
GRW_03135,1.0,0.9520730126265317
GRW_03136,0.0,0.005254538100195285
GRW_03137,0.0,0.0032355587398215065
GRW_03138,1.0,0.9734405246994592
GRW_03139,0.0,0.0007571185279743142
GRW_03140,0.0,0.00043291637665717283
GRW_03141,0.0,0.7026728005801934
GRW_03142,0.0,8.176742788778521e-05
GRW_03143,0.0,0.003753758660190486
GRW_03144,0.0,0.00015741639903436524
GRW_03145,0.0,0.0013394507613349578
GRW_03147,0.0,0.0018203549739785108
GRW_03148,0.0,0.0007856985128653909
GRW_03150,0.0,0.005276757149599697
GRW_03151,0.0,0.002228511194171709
GRW_03152,0.0,0.0003231060891135698
GRW_03153,0.0,0.0004542124707620632
GRW_03154,0.0,0.002243419666265226
GRW_03155,0.0,0.00018835914211467214
GRW_03156,1.0,0.9273665081609234
GRW_03157,0.0,0.0021475503339261856
GRW_03158,0.0,0.005970556777857439
GRW_03159,0.0,0.00030767004390855557
GRW_03160,1.0,0.9934542015140889
GRW_03162,0.0,0.0010697951559354528
GRW_03164,0.0,0.00012060268432356424
GRW_03165,0.0,0.1436487602449992
GRW_03166,0.0,0.0015578439094302012
GRW_03167,1.0,0.9775050120335298
GRW_03168,0.0,0.00021112754243951033
GRW_03169,0.0,0.0017183049765298198
GRW_03170,0.0,0.00039069752962016534
GRW_03171,0.0,8.188869441787441e-05
GRW_03172,0.0,0.0019118003775173938
GRW_03173,0.0,0.0006987232186123097
GRW_03174,0.0,0.001126141434148326
GRW_03176,0.0,0.0012692356419524299
GRW_03177,0.0,0.0011835398677221393
GRW_03178,0.0,0.44864849229772885
GRW_03179,0.0,0.17613238170264964
GRW_03180,0.0,0.0033777423715851095
GRW_03181,0.0,0.708126048535457
GRW_03185,0.0,0.0036071812476656142
GRW_03186,0.0,0.003244999646485702
GRW_03188,1.0,0.9607848232747883
GRW_03189,0.0,0.027758429914627767
GRW_03190,0.0,0.0005244658938751457
GRW_03192,0.0,0.0009323797641800242
GRW_03193,0.0,0.00012607973569026259
GRW_03194,1.0,0.9095203801804653
GRW_03195,0.0,0.005981209396111628
GRW_03197,0.0,0.0011682641500132883
GRW_03198,0.0,0.00011122468933769117
GRW_03200,0.0,0.0010213980135350973
GRW_03201,1.0,0.9340046791304207
GRW_03204,1.0,0.9698739566661505
GRW_03205,0.0,0.0011770116351183227
GRW_03206,1.0,0.9460053472519582
GRW_03207,0.0,0.006262353186438624
GRW_03208,1.0,0.9832563466121669
GRW_03209,0.0,0.004315974065859183
GRW_03211,0.0,0.002326463332517222
GRW_03212,0.0,0.00989697778540762
GRW_03213,0.0,0.002649124224726907
GRW_03214,0.0,0.0018930392297274307
GRW_03215,0.0,0.0009152402724893491
GRW_03216,0.0,0.0007221057110477558
GRW_03217,0.0,0.00016602930284632987
GRW_03218,0.0,0.02154111569498147
GRW_03219,0.0,0.0006176004512886941
GRW_03220,0.0,0.00014293628015638805
GRW_03222,0.0,0.0008997480884489079
GRW_03223,0.0,0.005754137603943604
GRW_03225,0.0,0.000520495597614861
GRW_03226,0.0,0.0006829682971970819
GRW_03230,0.0,0.004402910614559035
GRW_03232,0.0,0.00013762154784145714
GRW_03233,0.0,0.0006446042795399813
GRW_03235,0.0,0.0004391703571642412
GRW_03237,1.0,0.9881043012839517
GRW_03239,0.0,0.00039135533081898345
GRW_03240,0.0,0.0006922775965677929
GRW_03242,0.0,0.0021722838579887973
GRW_03247,1.0,0.9439029625064026
GRW_03248,0.0,0.0005778062495781259
GRW_03249,1.0,0.9812794521130795
GRW_03250,0.0,0.0001818058212498181
GRW_03251,1.0,0.944685364057939
GRW_03252,0.0,0.0017063682346746612
GRW_03253,0.0,0.0004947722716633877
GRW_03254,0.0,5.384897080365182e-05
GRW_03255,0.0,4.535491959614153e-05
GRW_03256,0.0,0.002584521275688151
GRW_03257,0.0,0.02127333727168965
GRW_03258,0.0,0.010131338066840868
GRW_03259,1.0,0.9667717312778975
GRW_03261,1.0,0.9838873347355406
GRW_03262,0.0,0.0003544951897948998
GRW_03263,0.0,0.0004980672431721376
GRW_03264,0.0,0.0004626113131210315
GRW_03266,0.0,0.004874445617980692
GRW_03267,0.0,0.00035006807729548656
GRW_03268,0.0,0.0002535118392837103
GRW_03269,1.0,0.9900497845761611
GRW_03270,1.0,0.9936432462290974
GRW_03271,0.0,0.0004734164538132899
GRW_03272,0.0,0.005071715103235374
GRW_03273,0.0,0.002186610786246368
GRW_03275,1.0,0.9643398135003806
GRW_03276,0.0,0.00021847486495749543
GRW_03278,1.0,0.9585606963840622
GRW_03279,1.0,0.9929404658304549
GRW_03280,0.0,0.004488655229415904
GRW_03281,0.0,0.00022868832036805045
GRW_03282,0.0,0.0010428601743282524
GRW_03283,0.0,0.0006799715902474974
GRW_03284,0.0,0.0035183266451406232
GRW_03285,0.0,0.0004911039973816329
GRW_03287,0.0,0.000343262496426193
GRW_03289,0.0,0.0032553207656077126
GRW_03291,0.0,0.0006379032767216728
GRW_03293,0.0,0.0021762745523947464
GRW_03295,1.0,0.9192534957172318
GRW_03296,1.0,0.993842883174452
GRW_03298,0.0,0.00023168308361765362
GRW_03301,0.0,0.005522557096629043
GRW_03305,0.0,0.001910678856006007
GRW_03306,0.0,0.00289330181502163
GRW_03307,0.0,0.013671655449735334
GRW_03308,0.0,0.0026433388209925767
GRW_03309,0.0,0.00019702742423736676
GRW_03311,0.0,0.00015096312886823184
GRW_03312,1.0,0.9806364514707869
GRW_03313,1.0,0.985449299407355
GRW_03314,1.0,0.8568935581632278
GRW_03316,0.0,0.26393036605543585
GRW_03317,0.0,0.0053023151497011475
GRW_03320,1.0,0.9522589169836582
GRW_03322,0.0,0.00037719294557966734
GRW_03323,0.0,0.0003379093438756232
GRW_03324,0.0,0.0030949623272932087
GRW_03325,0.0,0.003921821334864728
GRW_03326,0.0,0.004527109687578804
GRW_03327,0.0,0.005167153740534161
GRW_03328,1.0,0.967678989276164
GRW_03329,1.0,0.9247756064008474
GRW_03330,0.0,0.0005664564978289318
GRW_03331,1.0,0.9550220015836051
GRW_03332,0.0,0.0006369857757826973
GRW_03333,1.0,0.9872108545183288
GRW_03335,0.0,0.015025369161924776
GRW_03337,0.0,0.0020329289270350445
GRW_03338,0.0,0.0004173689790136428
GRW_03341,0.0,0.0012973384317034125
GRW_03342,1.0,0.9812903654218447
GRW_03343,0.0,0.013220771320489271
GRW_03346,0.0,0.017432528747381954
GRW_03347,1.0,0.9500123582150786
GRW_03348,0.0,8.405333559122517e-05
GRW_03349,0.0,0.005906301964652031
GRW_03351,1.0,0.9819725359067784
GRW_03352,0.0,0.004591766793589634
GRW_03354,0.0,0.0010030258953838149
GRW_03355,1.0,0.9761002572929446
GRW_03356,0.0,0.0007069068352296051
GRW_03357,0.0,0.0006308014254517354
GRW_03358,0.0,0.007045898039828967
GRW_03359,1.0,0.9644279511135005
GRW_03360,0.0,0.003895279561717922
GRW_03361,1.0,0.9492955303326549
GRW_03362,0.0,0.0004150715560181643
GRW_03364,0.0,0.0029568507162578976
GRW_03365,0.0,0.0005380816178995236
GRW_03366,0.0,0.21688741296003786
GRW_03368,0.0,0.017671364761565386
GRW_03370,0.0,0.001081546317917691
GRW_03372,0.0,0.0013698391474037605
GRW_03374,0.0,0.002838872933979297
GRW_03376,0.0,0.0201494485186494
GRW_03378,0.0,0.6509541571086458
GRW_03381,0.0,0.0038997621553270214
GRW_03384,0.0,0.0006167161928661132
GRW_03385,1.0,0.9372064160150152
GRW_03387,0.0,0.0013001433227486565
GRW_03389,0.0,0.00027901491154110893
GRW_03390,1.0,0.9732989470668904
GRW_03391,0.0,0.0006057316094569554
GRW_03392,0.0,0.00019107852481080095
GRW_03393,0.0,0.0005920085897137111
GRW_03394,0.0,0.00028165942764734074
GRW_03395,0.0,0.005046443733488201
GRW_03396,0.0,0.0002809914873955386
GRW_03398,0.0,0.018991364069996103
GRW_03399,0.0,0.00017894748594967258
GRW_03401,0.0,0.00012515529790716953
GRW_03402,0.0,0.38842264456261577
GRW_03403,1.0,0.9694322352482939
GRW_03404,0.0,0.00029675962099838516
GRW_03405,0.0,0.004296815314349225
GRW_03406,1.0,0.9840335801455333
GRW_03407,0.0,0.01287420844496891
GRW_03408,0.0,0.0005708948444607886
GRW_03409,0.0,0.00036603437341978365
GRW_03410,0.0,0.0013155148210244093
GRW_03412,0.0,0.003321398511370585
GRW_03413,0.0,0.002277791431766288
GRW_03415,0.0,0.00024764968784847985
GRW_03416,1.0,0.9627881090369116
GRW_03418,0.0,0.000388633147453717
GRW_03419,1.0,0.9715289169865886
GRW_03420,1.0,0.9185465883922321
GRW_03421,0.0,0.001790538083674981
GRW_03422,0.0,0.007484585161620173
GRW_03423,0.0,0.001043674412542295
GRW_03424,0.0,0.005354162186666017
GRW_03425,0.0,0.008560496472853903
GRW_03426,1.0,0.992418243343778
GRW_03427,0.0,0.005528588793544369
GRW_03428,0.0,8.711905284220045e-05
GRW_03431,0.0,0.0019501321117855275
GRW_03433,1.0,0.9717166623507888
GRW_03434,0.0,0.00303670695623259
GRW_03435,0.0,0.0006390194765939625
GRW_03436,0.0,0.3886882153612317
GRW_03437,0.0,0.0054864969318409165
GRW_03438,0.0,0.47027608319740893
GRW_03439,0.0,0.7731181110556806
GRW_03441,0.0,9.3617162285392e-05
GRW_03444,0.0,0.00024076608571211496
GRW_03445,0.0,0.009327173546531467
GRW_03446,1.0,0.9805834758355998
GRW_03447,1.0,0.9725222545343403
GRW_03449,0.0,0.02988888631762915
GRW_03450,0.0,0.0002741579230333247
GRW_03451,0.0,0.0021965321045321674
GRW_03452,0.0,0.00044399471475041046
GRW_03453,0.0,0.00017691277741060368
GRW_03454,0.0,0.009971658168929231
GRW_03455,0.0,0.0017464592391320689
GRW_03457,1.0,0.9558245284770035
GRW_03459,0.0,0.000497987374891454
GRW_03460,0.0,0.0008550208896210354
GRW_03461,0.0,0.0045356698393596295
GRW_03462,0.0,0.0032555866005874448
GRW_03463,0.0,0.0012556932378865794
GRW_03464,0.0,0.0017444974861867471
GRW_03466,0.0,0.0008004436531535003
GRW_03467,0.0,0.008145680949417916
GRW_03468,0.0,5.6577526805364763e-05
GRW_03469,1.0,0.9877281309819567
GRW_03470,1.0,0.946170252992
GRW_03471,1.0,0.9959705789826989
GRW_03472,0.0,0.005874932324219083
GRW_03474,0.0,0.000244738691461878
GRW_03476,1.0,0.9807053201313872
GRW_03477,0.0,0.0025518233049315734
GRW_03478,1.0,0.9804569681464163
GRW_03479,0.0,0.0009761118997841492
GRW_03480,0.0,0.0009187139178093007
GRW_03481,0.0,0.0014091681376396032
GRW_03483,0.0,0.0033861476866533942
GRW_03486,0.0,0.00036154146290612906
GRW_03487,0.0,8.799616637509595e-05
GRW_03488,0.0,0.00013100403089471143
GRW_03489,1.0,0.965623765825851
GRW_03490,1.0,0.8887270827178325
GRW_03491,1.0,0.9700961753062693
GRW_03492,0.0,0.009455938531106822
GRW_03494,0.0,7.630414403613127e-05
GRW_03495,0.0,0.0050719169168165195
GRW_03497,1.0,0.9646462404797678
GRW_03499,1.0,0.9093135500648948
GRW_03500,0.0,0.00019902595256372714
GRW_03501,0.0,3.11395733993301e-05
GRW_03502,0.0,0.0004484167057578553
GRW_03503,0.0,0.0007746381794021708
GRW_03505,0.0,0.0007788056123658755
GRW_03506,1.0,0.9670846929189113
GRW_03507,0.0,0.00013180399477914821
GRW_03508,0.0,0.0029121543214142825
GRW_03510,0.0,0.005365575228243251
GRW_03512,1.0,0.9493874780118307
GRW_03513,0.0,0.0012799595063698551
GRW_03515,1.0,0.9697785841046639
GRW_03516,0.0,0.2101131749138863
GRW_03518,0.0,0.0008895308226834137
GRW_03519,1.0,0.9203072942896623
GRW_03520,0.0,0.0012121272878349617
GRW_03521,0.0,0.0002183842696441601
GRW_03522,0.0,0.0002484411707425425
GRW_03523,0.0,0.002263708965900848
GRW_03525,0.0,0.00016221522748216869
GRW_03526,0.0,0.001259885377434355
GRW_03528,0.0,0.00023240329804517725
GRW_03529,0.0,0.0036166409253775423
GRW_03530,0.0,0.00041662277729832804
GRW_03531,1.0,0.9744649873638619
GRW_03532,0.0,0.011692437097552456
GRW_03533,0.0,0.0014124092005099
GRW_03535,1.0,0.9686201007798869
GRW_03536,0.0,0.00021540426622217436
GRW_03537,0.0,0.0002518105136128362
GRW_03538,0.0,0.0007259663865075108
GRW_03539,0.0,0.002026746936000172
GRW_03540,1.0,0.9416952574633926
GRW_03541,0.0,0.0011811648892289547
GRW_03542,1.0,0.9216868297895381
GRW_03544,0.0,0.00544843371904999
GRW_03545,0.0,0.0024122474171954732
GRW_03546,1.0,0.9828523038820158
GRW_03547,0.0,0.001879402845314714
GRW_03548,1.0,0.9750340765245186
GRW_03549,1.0,0.9838840618859535
GRW_03550,1.0,0.9693302885464374
GRW_03551,0.0,0.0010536362088854857
GRW_03552,0.0,0.013412149519584145
GRW_03553,1.0,0.9433317190045932
GRW_03556,1.0,0.9771428039560143
GRW_03557,0.0,0.0007924785988483188
GRW_03559,0.0,0.02278650155583309
GRW_03560,0.0,0.0006673656708707072
GRW_03562,0.0,0.21655572080879273
GRW_03565,0.0,0.0014514610521422142
GRW_03566,0.0,0.0020202687711897795
GRW_03567,0.0,0.0006945423149727378
GRW_03568,0.0,0.0005033186184888122
GRW_03569,1.0,0.9687621276792604
GRW_03571,1.0,0.9695630816120874
GRW_03572,0.0,0.00034309420235958336
GRW_03573,1.0,0.9727832240482482
GRW_03574,0.0,0.00017649014969886478
GRW_03575,0.0,0.0007691258340294968
GRW_03576,0.0,0.001768473719661132
GRW_03577,0.0,0.0024400673938755803
GRW_03578,0.0,0.0006870659716204167
GRW_03579,1.0,0.9929378925981139
GRW_03580,1.0,0.9450093127898449
GRW_03581,0.0,0.0002937987161031495
GRW_03582,0.0,0.011752294931969835
GRW_03583,0.0,0.00026638900320142747
GRW_03584,0.0,0.00244135675477658
GRW_03585,1.0,0.9629523616060663
GRW_03586,0.0,0.0005923020106136186
GRW_03588,0.0,0.5031680004867813
GRW_03589,0.0,0.0025406942363025336
GRW_03590,0.0,0.0016509804064631694
GRW_03591,0.0,0.0008167897437103931
GRW_03592,0.0,0.35943353539090245
GRW_03593,0.0,0.0010513145110370157
GRW_03594,0.0,0.0038670612368834237
GRW_03595,0.0,0.00037758974555226316
GRW_03598,0.0,0.0005297568984150191
GRW_03599,0.0,0.0006880930375918007
GRW_03601,0.0,0.016830198414538096
GRW_03602,0.0,0.00036926356234089086
GRW_03603,0.0,0.0001649660922562211
GRW_03604,0.0,0.3174143607433856
GRW_03605,0.0,0.0004362838308732366
GRW_03607,0.0,0.00843038982983223
GRW_03610,0.0,0.00030023803048399893
GRW_03611,0.0,0.0024368705934023375
GRW_03614,0.0,0.00941799529204635
GRW_03615,0.0,0.0012752079236107775
GRW_03616,0.0,0.5412995018738955
GRW_03617,0.0,0.001164392717860004
GRW_03618,0.0,0.00046265673237757854
GRW_03619,0.0,0.0007739018826389429
GRW_03620,0.0,0.00034978230713037753
GRW_03621,0.0,0.0014586148349723085
GRW_03622,0.0,0.008689531001933575
GRW_03623,1.0,0.9529704538805656
GRW_03624,1.0,0.9914873303789997
GRW_03625,0.0,0.0006522466401410298
GRW_03626,0.0,0.0016917967400281392
GRW_03627,0.0,0.006820151267605745
GRW_03628,0.0,0.000519717414287892
GRW_03629,0.0,0.0066896985387065655
GRW_03630,0.0,0.00038577257853701153
GRW_03631,0.0,0.0009740529233600965
GRW_03632,0.0,0.0006120036781072345
GRW_03633,0.0,0.0019675074360719063
GRW_03634,0.0,0.01620782761153113
GRW_03635,0.0,0.00031362430291624106
GRW_03636,1.0,0.9656305244794141
GRW_03638,0.0,0.0006057798474074142
GRW_03639,0.0,0.0024487142552687543
GRW_03640,1.0,0.9940561610808106
GRW_03641,0.0,0.0040238336825520705
GRW_03642,0.0,0.0006015271278228874
GRW_03643,1.0,0.9622229126985907
GRW_03645,0.0,0.0007801781293918422
GRW_03646,0.0,0.0006056935563594467
GRW_03647,0.0,0.0006426595361110107
GRW_03649,0.0,0.002092156352505814
GRW_03650,0.0,0.0018511459957196612
GRW_03654,0.0,0.004339300240719218
GRW_03656,1.0,0.9964779743811845
GRW_03659,0.0,0.0006757658449674794
GRW_03661,0.0,0.47034947781385356
GRW_03662,0.0,0.000924614485463584
GRW_03664,0.0,0.00035718836971868414
GRW_03665,1.0,0.9803045977092675
GRW_03666,0.0,0.006769934950165624
GRW_03668,0.0,0.011319484428511986
GRW_03669,1.0,0.9780234707008915
GRW_03670,0.0,0.0005067935645049495
GRW_03671,0.0,0.00038472020191874384
GRW_03672,1.0,0.9874849475187857
GRW_03673,0.0,0.0014165400081986718
GRW_03674,0.0,0.0002189097814446122
GRW_03676,0.0,0.001293534809480062
GRW_03677,0.0,0.001287989348552305
GRW_03678,0.0,0.0008605767198904325
GRW_03679,0.0,0.0003781690093229711
GRW_03680,0.0,0.000621142518542526
GRW_03681,0.0,0.00011811442282325045
GRW_03682,0.0,0.001513831529812812
GRW_03684,0.0,0.00203432717922223
GRW_03685,1.0,0.953748548564373
GRW_03686,0.0,0.0070280556158644186
GRW_03687,0.0,0.8707705579585883
GRW_03688,0.0,0.0005175342094102838
GRW_03689,0.0,0.0005830701241286394
GRW_03690,0.0,0.005657557990898207
GRW_03691,1.0,0.9550028758889597
GRW_03692,0.0,0.0010224064714271848
GRW_03693,0.0,0.0004947614886612209
GRW_03694,1.0,0.9618915757938413
GRW_03695,0.0,0.00010408150830187391
GRW_03701,1.0,0.9857059157237117
GRW_03702,1.0,0.9643494979615893
GRW_03703,0.0,0.06461584293848606
GRW_03704,0.0,0.000568693275975144
GRW_03705,0.0,0.0011870325176781592
GRW_03708,0.0,0.00013863713534314798
GRW_03711,0.0,0.0022790139164085904
GRW_03712,1.0,0.9417062929965061
GRW_03713,0.0,0.0003935147022520825
GRW_03714,0.0,0.0032554104093357227
GRW_03715,0.0,0.0008859099758462459
GRW_03716,0.0,0.001118980201721681
GRW_03719,0.0,9.717286512610384e-05
GRW_03721,0.0,0.0006368552972081201
GRW_03722,0.0,0.0006309235979015033
GRW_03723,0.0,0.00021159139660995632
GRW_03724,0.0,0.004574500829036931
GRW_03725,0.0,0.5766303571530574
GRW_03726,0.0,0.0009808722035859092
GRW_03727,1.0,0.9641656296649765
GRW_03728,0.0,0.007750703524530242
GRW_03730,0.0,0.0026943885711482496
GRW_03732,0.0,0.005928576195472664
GRW_03733,0.0,0.00026195593256854406
GRW_03735,0.0,0.025112594862313434
GRW_03736,0.0,0.04479732408664593
GRW_03738,1.0,0.9681312874596844
GRW_03739,0.0,0.0030400070588738294
GRW_03741,0.0,0.004127657620474979
GRW_03742,0.0,0.0016932375597357365
GRW_03743,1.0,0.9670093364863936
GRW_03744,0.0,0.0025354540838469614
GRW_03745,0.0,0.4743899973873595
GRW_03747,0.0,0.0012723761968491986
GRW_03749,0.0,0.0007208099001359178
GRW_03750,0.0,0.001122729532705292
GRW_03752,0.0,0.00298300995535549
GRW_03753,1.0,0.9810501062117851
GRW_03754,0.0,0.5564682503715356
GRW_03755,1.0,0.9794749091586937
GRW_03756,0.0,0.0009485389917359122
GRW_03759,0.0,0.003959991407735067
GRW_03760,1.0,0.9587244597261616
GRW_03761,0.0,0.5235230936646683
GRW_03762,0.0,0.00502401776380277
GRW_03764,0.0,0.0002443105425452774
GRW_03765,0.0,0.001488470139229092
GRW_03766,0.0,0.00025212137131122066
GRW_03767,1.0,0.9833660114148628
GRW_03772,0.0,0.005371230599517577
GRW_03773,0.0,0.00020660729690036406
GRW_03776,0.0,0.028343203980819763
GRW_03777,0.0,0.00022232724085632718
GRW_03778,0.0,0.00025947364554410626
GRW_03780,1.0,0.9766704346687974
GRW_03781,0.0,0.002525856046956384
GRW_03783,0.0,0.00033777151090326376
GRW_03784,0.0,9.489028641344694e-05
GRW_03787,0.0,0.00014870958036493869
GRW_03790,0.0,0.0018227471962689737
GRW_03792,0.0,0.0008441242038279241
GRW_03793,1.0,0.7479368315336105
GRW_03794,1.0,0.9773644970622118
GRW_03795,0.0,0.00047089634197685493
GRW_03797,0.0,0.002818361865336052
GRW_03799,1.0,0.9835880207988106
GRW_03800,1.0,0.9841830576895694
GRW_03801,0.0,0.0028849950558509116
GRW_03803,0.0,0.0032688017970628888
GRW_03804,1.0,0.9737966650525278
GRW_03806,0.0,0.02544411367899836
GRW_03807,0.0,0.0009377595272608999
GRW_03808,0.0,2.255372419621145e-05
GRW_03809,0.0,0.0035903105932975038
GRW_03810,0.0,0.000183066682095354
GRW_03811,0.0,0.0005615120527223275
GRW_03813,0.0,0.004479917429338547
GRW_03814,0.0,0.0007985634686965453
GRW_03815,0.0,0.0001746699643505306
GRW_03816,1.0,0.9401045989993401
GRW_03818,1.0,0.9860512889254963
GRW_03819,0.0,0.0010344758154435857
GRW_03820,0.0,0.006183796395598853
GRW_03821,1.0,0.9720032608215188
GRW_03822,0.0,0.0008696269730424535
GRW_03826,1.0,0.9834219370895483
GRW_03828,1.0,0.9864639538841616
GRW_03830,1.0,0.9363434578264641
GRW_03831,0.0,0.004267015328233684
GRW_03832,0.0,0.0035876004889410294
GRW_03833,0.0,0.013335930289153282
GRW_03834,0.0,0.0055415048601969085
GRW_03835,0.0,0.00022948040029163703
GRW_03837,0.0,0.0003514524381929889
GRW_03839,1.0,0.9423811176133359
GRW_03840,0.0,0.004284892587647541
GRW_03842,1.0,0.9865842373676216
GRW_03844,0.0,0.001742332276097527
GRW_03846,0.0,0.005252157722880936
GRW_03847,1.0,0.9583306341765732
GRW_03848,0.0,0.0008308334810301377
GRW_03849,0.0,0.0008907655652376775
GRW_03851,0.0,0.0016348526334567393
GRW_03853,0.0,0.03222457362514446
GRW_03854,0.0,9.630349153005552e-05
GRW_03855,1.0,0.9893085505990429
GRW_03856,1.0,0.9188518145534394
GRW_03857,0.0,0.0010868820219083
GRW_03858,1.0,0.9708485059798542
GRW_03859,0.0,0.0014032067738552407
GRW_03860,0.0,0.00034378962635181676
GRW_03861,0.0,0.00010000005250924842
GRW_03863,0.0,0.0016292598350515595
GRW_03865,0.0,0.0009116288405279913
GRW_03866,0.0,0.00011480693888418127
GRW_03867,0.0,0.003203807939112022
GRW_03868,0.0,0.002844066600685912
GRW_03869,0.0,0.0014422857258774011
GRW_03870,1.0,0.9974842666862073
GRW_03871,1.0,0.9519947320260072
GRW_03872,1.0,0.9896780199561668
GRW_03873,0.0,0.007739818891470845
GRW_03874,0.0,0.001670807898945001
GRW_03875,0.0,0.0021013111923643365
GRW_03876,0.0,0.0005691579664287682
GRW_03877,1.0,0.906652627547839
GRW_03878,0.0,0.0046130689540447006
GRW_03879,0.0,0.0014921788383836015
GRW_03880,0.0,0.0010187814335255038
GRW_03882,1.0,0.9567975340891693
GRW_03884,0.0,0.002743259468878324
GRW_03885,0.0,0.00020150483805566236
GRW_03886,0.0,0.00036085912555468286
GRW_03887,0.0,0.0001776946157583126
GRW_03888,0.0,0.001647360322498007
GRW_03889,0.0,0.0007855892901894406
GRW_03890,0.0,0.004393222934609172
GRW_03892,0.0,0.019114009945763517
GRW_03894,0.0,0.000690325698175373
GRW_03895,1.0,0.9843578157014473
GRW_03897,0.0,0.30513000494238307
GRW_03898,0.0,0.01543171561004464
GRW_03899,0.0,0.0003555532273576995
GRW_03902,0.0,0.7088284707957623
GRW_03903,0.0,0.012291658612643992
GRW_03904,0.0,0.008069810665852271
GRW_03905,0.0,0.0014671740395102023
GRW_03907,0.0,0.02411904222816629
GRW_03908,0.0,0.00018718900959284186
GRW_03909,0.0,0.005686607113430487
GRW_03910,1.0,0.9460088819685533
GRW_03911,0.0,0.0007207134284176519
GRW_03912,1.0,0.9889022657682661
GRW_03913,0.0,0.00155374277012893
GRW_03915,0.0,0.0002869675879151358
GRW_03917,0.0,0.00419751414587566
GRW_03918,0.0,0.0003978871161780815
GRW_03919,1.0,0.9729174637638058
GRW_03921,0.0,0.030272571922586703
GRW_03922,1.0,0.989066326177188
GRW_03923,0.0,7.44008782464467e-05
GRW_03924,1.0,0.9856038221982037
GRW_03925,0.0,0.031626600651417494
GRW_03927,0.0,0.0014554135781752447
GRW_03928,0.0,0.001058717111060101
GRW_03929,0.0,0.2691960648532033
GRW_03931,0.0,0.0018995888942333334
GRW_03932,0.0,0.002509655359662881
GRW_03933,0.0,0.0002969470084930176
GRW_03934,0.0,0.0005768259227997784
GRW_03935,0.0,0.1702698469327655
GRW_03938,0.0,0.00013045091221791218
GRW_03939,0.0,0.0010729977716343745
GRW_03941,1.0,0.9917753405438119
GRW_03942,1.0,0.9721971091095473
GRW_03943,0.0,3.3550827335907495e-05
GRW_03945,0.0,0.00024505160355082437
GRW_03946,1.0,0.9177802803612594
GRW_03947,0.0,0.004074289679122613
GRW_03948,0.0,0.0014654468720496094
GRW_03951,0.0,0.0011523781698088407
GRW_03952,0.0,0.0013628047787603756
GRW_03953,1.0,0.9828336548330906
GRW_03956,0.0,0.0005939948274517282
GRW_03957,0.0,0.001329399204704925
GRW_03958,0.0,0.0008031266114107473
GRW_03959,0.0,0.00013451715967231865
GRW_03961,0.0,0.00105534752398818
GRW_03963,0.0,0.00022844679209351465
GRW_03965,0.0,0.002441210452751214
GRW_03966,1.0,0.9620698833832142
GRW_03967,0.0,0.00704941126647066
GRW_03968,0.0,0.020707009142361125
GRW_03969,0.0,0.004135580429299447
GRW_03970,0.0,0.0028745234673957284
GRW_03971,0.0,0.0018545522037507404
GRW_03972,1.0,0.9634005987467336
GRW_03973,1.0,0.8966018174883343
GRW_03974,0.0,0.0015988308780282014
GRW_03975,0.0,0.0003921572204952836
GRW_03978,0.0,0.008450439511624715
GRW_03981,0.0,0.0017839518526511784
GRW_03982,1.0,0.9554347764560213
GRW_03983,0.0,0.05521865013537435
GRW_03986,0.0,0.00035004365912315414
GRW_03987,0.0,0.0017110720832590573
GRW_03988,0.0,0.0015096438274231055
GRW_03990,0.0,0.0011183116894170303
GRW_03991,0.0,0.00029792369473932175
GRW_03992,1.0,0.9408864100398591
GRW_03993,1.0,0.9095728208725304
GRW_03994,0.0,0.010800047718702655
GRW_03996,0.0,8.308534030100647e-05
GRW_03997,0.0,0.0003475865118838913
GRW_03998,0.0,0.0020727170040989403
GRW_03999,0.0,0.0014703766513744754
GRW_04000,1.0,0.9512573063350026
GRW_04002,0.0,0.00020568497166120717
GRW_04003,0.0,0.000572664448066229
GRW_04005,0.0,0.00048594964726152997
GRW_04006,1.0,0.9868739802609107
GRW_04007,0.0,0.5581364625515464
GRW_04008,0.0,0.0016919479671132997
GRW_04010,0.0,0.01127851270279814
GRW_04012,0.0,0.0013682942229377264
GRW_04013,0.0,0.00016492330363281969
GRW_04014,1.0,0.9360186129707854
GRW_04015,1.0,0.988218038230198
GRW_04016,1.0,0.9495491260436697
GRW_04017,1.0,0.9735434618252539
GRW_04019,0.0,0.40719072462197853
GRW_04020,1.0,0.9757922327144691
GRW_04021,0.0,0.0014490756112227944
GRW_04022,0.0,0.00010446960536198404
GRW_04023,1.0,0.9278708088986282
GRW_04024,0.0,0.00018430701772764187
GRW_04025,0.0,0.0005318825517041043
GRW_04026,0.0,0.0011030032064596675
GRW_04027,0.0,0.0004159907532213735
GRW_04028,0.0,0.0002552883947153068
GRW_04029,0.0,0.0012006713807553857
GRW_04031,0.0,0.0003862548181505853
GRW_04033,0.0,0.0016393651161729496
GRW_04034,0.0,0.0023378519737603104
GRW_04035,0.0,0.0005385396481127596
GRW_04036,0.0,0.026229077748354687
GRW_04037,0.0,0.0007738421780667393
GRW_04040,0.0,0.00032531006295436057
GRW_04041,0.0,0.8936901489770223
GRW_04042,0.0,0.0003615560092235456
GRW_04043,0.0,0.0004990235792922452
GRW_04045,0.0,0.0007259654826046836
GRW_04046,1.0,0.9719269754593856
GRW_04047,0.0,0.005617831365043831
GRW_04048,0.0,0.0020877192133709845
GRW_04049,1.0,0.9732193229943055
GRW_04050,0.0,0.002914653521180849
GRW_04051,0.0,0.5314923030485962
GRW_04052,0.0,0.00015950498727862998
GRW_04053,0.0,0.0008137283308232961
GRW_04054,0.0,0.0025458972566879544
GRW_04055,0.0,0.00038049509177009506
GRW_04058,0.0,0.30624872294429406
GRW_04060,0.0,0.0005623051954278958
GRW_04062,0.0,0.0007370515236124819
GRW_04063,0.0,0.013721860316286553
GRW_04064,0.0,0.00521717918979357
GRW_04068,0.0,0.004096280633010244
GRW_04070,0.0,0.0020996362766888795
GRW_04071,1.0,0.916915746645811
GRW_04072,0.0,0.00048069183159020934
GRW_04073,0.0,0.0001349193798455784
GRW_04074,0.0,0.0014256311966023409
GRW_04075,0.0,0.00370412068882644
GRW_04076,1.0,0.9681271952157126
GRW_04078,0.0,0.016200960380495243
GRW_04079,0.0,0.0002940352892502453
GRW_04080,0.0,0.007042320849075269
GRW_04082,0.0,0.0005057956614071065
GRW_04085,0.0,0.17938035341786168
GRW_04086,0.0,0.012718969313068514
GRW_04087,0.0,0.000665522625938615
GRW_04088,1.0,0.9865753164664901
GRW_04089,1.0,0.9920303560331629
GRW_04090,0.0,0.0010488327732963243
GRW_04091,1.0,0.9518944515898919
GRW_04092,0.0,0.0007242380117253715
GRW_04094,0.0,0.0018889412244229695
GRW_04095,0.0,0.0021479465422795377
GRW_04096,1.0,0.9567866433587501
GRW_04098,1.0,0.9778674467938869
GRW_04099,0.0,0.0003661153386841801
GRW_04101,0.0,0.003782609749150866
GRW_04102,0.0,0.02832275348789078
GRW_04103,0.0,0.001363391350822239
GRW_04104,0.0,0.0025648489993515358
GRW_04105,1.0,0.9913382584365992
GRW_04107,0.0,0.47705972145853776
GRW_04108,1.0,0.9756403421722796
GRW_04109,0.0,0.0004658363184126025
GRW_04111,0.0,0.0014929532880395573
GRW_04113,0.0,0.6649807533464333
GRW_04114,0.0,0.007557477639768507
GRW_04115,0.0,0.0015136386353776696
GRW_04119,0.0,4.629734208246352e-05
GRW_04121,0.0,0.004106382848770157
GRW_04122,0.0,0.002576644839246267
GRW_04123,0.0,0.00017224881874790954
GRW_04124,0.0,0.0022613795863002635
GRW_04125,0.0,0.0003182412947028232
GRW_04126,0.0,0.00019436229605522163
GRW_04129,1.0,0.9689622734097273
GRW_04131,1.0,0.9806970706337946
GRW_04132,0.0,0.0435461907007775
GRW_04133,0.0,0.0035452305106101097
GRW_04134,0.0,0.0012811925090539503
GRW_04135,0.0,0.0031006495549089075
GRW_04136,0.0,0.011725616186517001
GRW_04137,0.0,0.00018762967033274336
GRW_04138,0.0,0.0009825840915423311
GRW_04139,0.0,0.0008169240255324832
GRW_04140,0.0,0.0017047688441168551
GRW_04141,0.0,0.00011060468785428927
GRW_04142,0.0,0.001186771535524437
GRW_04143,1.0,0.9704621024243555
GRW_04144,0.0,0.0006480987342458038
GRW_04145,1.0,0.9950944100656132
GRW_04147,0.0,0.0001406161516395937
GRW_04148,0.0,6.978305274391223e-05
GRW_04149,1.0,0.9734677649404339
GRW_04150,0.0,0.0013158968097122632
GRW_04151,0.0,0.00012271070555252005
GRW_04152,0.0,0.000317384607553095
GRW_04154,0.0,0.0011068065262495408
GRW_04157,0.0,0.00039097458059075704
GRW_04158,0.0,3.206464022799366e-05
GRW_04159,0.0,0.0007138535721581694
GRW_04160,0.0,0.0004432896676164835
GRW_04161,0.0,0.00018706541526724828
GRW_04162,0.0,0.4638522798642949
GRW_04163,0.0,5.970338514067423e-05
GRW_04164,1.0,0.9821361460872299
GRW_04165,0.0,0.0043224124270886
GRW_04167,0.0,0.00039840993076961043
GRW_04168,1.0,0.963314817579303
GRW_04171,0.0,0.0007178974142904421
GRW_04174,1.0,0.9092106819795952
GRW_04175,0.0,0.000702715424139106
GRW_04176,0.0,0.002085936971246972
GRW_04177,0.0,0.0016839099412583741
GRW_04179,0.0,0.004676051225664476
GRW_04181,1.0,0.9961915684949516
GRW_04182,0.0,0.00014681131476610503
GRW_04184,0.0,0.002541827626340199
GRW_04185,1.0,0.9574050108301917
GRW_04186,0.0,3.530481015957667e-05
GRW_04189,0.0,0.0042661605670399625
GRW_04190,0.0,0.0012338533703290671
GRW_04192,0.0,0.004477634460469128
GRW_04193,1.0,0.9387526145348759
GRW_04195,0.0,0.001460671083813147
GRW_04197,1.0,0.9755995373900214
GRW_04198,0.0,0.6406920929949906
GRW_04199,1.0,0.8423519883045698
GRW_04200,0.0,0.016067800648772432
GRW_04201,0.0,0.0026026521443183494
GRW_04202,0.0,0.00011963826752983616
GRW_04203,1.0,0.9419742886877499
GRW_04204,0.0,0.00019035845177298036
GRW_04205,1.0,0.8936715060402269
GRW_04206,0.0,0.000280296389742175
GRW_04207,1.0,0.952902189300752
GRW_04209,0.0,0.00013459841564187976
GRW_04210,0.0,0.00012448934807006632
GRW_04211,1.0,0.9646890921850548
GRW_04212,0.0,0.0005390736678835164
GRW_04213,0.0,0.000947456054846024
GRW_04214,1.0,0.9573083406252307
GRW_04215,1.0,0.985198808261259
GRW_04216,0.0,0.0004439588535705202
GRW_04217,0.0,0.0003265877791209813
GRW_04218,0.0,0.0006493309838382205
GRW_04219,1.0,0.970888087278966
GRW_04220,0.0,0.0022862696614436516
GRW_04222,0.0,0.0009711195068553542
GRW_04224,0.0,0.0004062002182789153
GRW_04225,1.0,0.9957576214456182
GRW_04226,0.0,0.0009095233290134185
GRW_04227,0.0,0.0009497354061224486
GRW_04228,0.0,0.0001818374666992676
GRW_04230,1.0,0.9826359472041933
GRW_04231,1.0,0.9413996453275696
GRW_04232,0.0,0.0002659965453884146
GRW_04233,1.0,0.9175757863147856
GRW_04234,1.0,0.9881693596082269
GRW_04236,0.0,0.706105856177847
GRW_04237,0.0,0.00010604804177365872
GRW_04238,1.0,0.9766232861961877
GRW_04239,0.0,0.003541909895291652
GRW_04240,1.0,0.9724854794860703
GRW_04241,0.0,0.0017032871818617637
GRW_04242,0.0,0.0005581084538033603
GRW_04243,0.0,0.0006486339323968776
GRW_04244,0.0,0.0005012202587683459
GRW_04246,0.0,0.0011350726433188296
GRW_04249,1.0,0.9736293007507986
GRW_04250,1.0,0.9785279716378914
GRW_04252,0.0,0.00079129027539464
GRW_04253,0.0,0.013362505340000844
GRW_04254,1.0,0.9929974103394004
GRW_04255,0.0,0.015008112975472603
GRW_04256,0.0,0.5864901501566268
GRW_04257,1.0,0.9687488195031263
GRW_04258,1.0,0.9828611815660836
GRW_04260,0.0,0.01947272803655614
GRW_04263,0.0,0.0003425911173419522
GRW_04265,0.0,0.0008975555732603894
GRW_04266,0.0,0.0005424940720338069
GRW_04267,0.0,0.0003380618498772552
GRW_04268,1.0,0.9831351797481206
GRW_04269,0.0,0.003870388398332081
GRW_04272,1.0,0.9854208146230482
GRW_04273,0.0,0.0021405470783833216
GRW_04274,0.0,0.00023580602012010152
GRW_04276,1.0,0.9696993214198265
GRW_04277,0.0,0.0017302524896457415
GRW_04278,0.0,0.00101178492980851
GRW_04279,0.0,5.1439569027893665e-05
GRW_04280,1.0,0.9916371490053966
GRW_04283,0.0,0.0003194738254581099
GRW_04284,1.0,0.9604800741507841
GRW_04285,0.0,0.002127750691828787
GRW_04286,0.0,0.00242935821619759
GRW_04287,0.0,0.0013063528743973885
GRW_04289,0.0,0.4791570877268624
GRW_04290,0.0,0.00014591914944601583
GRW_04291,0.0,0.004680141942616789
GRW_04292,0.0,0.00034495934954983747
GRW_04294,1.0,0.9843644736610034
GRW_04295,0.0,0.0010763654211070639
GRW_04296,0.0,0.0003596435064855185
GRW_04299,1.0,0.9729803448778432
GRW_04300,0.0,0.005308218427388646
GRW_04301,0.0,0.00017431334575111448
GRW_04302,1.0,0.9724090866563321
GRW_04303,0.0,0.0008461425746024376
GRW_04304,0.0,0.6164133590685739
GRW_04305,0.0,0.781968114144074
GRW_04306,1.0,0.9749315399527029
GRW_04313,0.0,0.0006551739081116417
GRW_04315,0.0,0.004379183249473226
GRW_04316,0.0,0.0010194831498583415
GRW_04317,1.0,0.9749960547732964
GRW_04318,0.0,0.0006435428631632323
GRW_04320,1.0,0.938238426103525
GRW_04321,1.0,0.8727660241971953
GRW_04322,0.0,0.0008618222776647848
GRW_04323,0.0,0.00013461224528982805
GRW_04325,0.0,0.0032749015785913174
GRW_04326,0.0,0.008611345759319364
GRW_04328,1.0,0.9861880239267664
GRW_04330,0.0,0.001088119389759058
GRW_04331,0.0,0.0017888905693046974
GRW_04332,0.0,0.0007940295540364329
GRW_04336,0.0,0.0002281401627990631
GRW_04337,0.0,0.0020884247420358947
GRW_04338,0.0,0.0009192281612402116
GRW_04339,0.0,0.00015461495749951153
GRW_04341,0.0,0.00045631978756137485
GRW_04342,1.0,0.9724429966857459
GRW_04343,1.0,0.9759914179071779
GRW_04344,0.0,0.0012093063600554412
GRW_04346,0.0,0.0007693151261930163
GRW_04347,0.0,0.3190168417931683
GRW_04348,0.0,0.0006906197135847812
GRW_04349,1.0,0.9852634948384582
GRW_04350,0.0,9.29837087131796e-05
GRW_04351,0.0,0.0008856056080261418
GRW_04352,0.0,0.03334361016306341
GRW_04353,1.0,0.9697095315013808
GRW_04355,0.0,0.0016415427396104809
GRW_04357,0.0,0.10647021884782491
GRW_04359,0.0,0.011199345450851123
GRW_04360,0.0,0.0004608192761846198
GRW_04361,0.0,0.004594224807968745
GRW_04363,1.0,0.9698014847408224
GRW_04364,0.0,0.0019801470888812377
GRW_04365,0.0,0.02651044993280224
GRW_04366,0.0,0.0067447410257067296
GRW_04367,0.0,0.0006071813818392599
GRW_04368,0.0,0.00021429349217730502
GRW_04370,0.0,0.0003342442399060012
GRW_04371,0.0,0.3918142214585352
GRW_04372,0.0,0.003241393215632987
GRW_04373,0.0,0.0035837393874384835
GRW_04374,0.0,0.00042479052184852525
GRW_04375,0.0,0.0035053643629426473
GRW_04376,0.0,0.008703283521494692
GRW_04379,0.0,0.004421635060345789
GRW_04380,0.0,0.4362679551151126
GRW_04381,0.0,0.0007140151702325272
GRW_04382,0.0,0.00042697454916168704
GRW_04383,0.0,0.002341190604553252
GRW_04384,0.0,0.0006701738290686806
GRW_04385,0.0,0.0012785435763292214
GRW_04387,0.0,0.0010668065267299472
GRW_04388,0.0,0.00325480932658161
GRW_04389,0.0,1.1790347782357386e-05
GRW_04391,0.0,0.0007577702307428812
GRW_04392,0.0,0.0010414882203963942
GRW_04393,0.0,0.005739380035497056
GRW_04394,0.0,0.0010997684945010854
GRW_04395,0.0,0.0002948636263543817
GRW_04396,0.0,0.5257047209921311
GRW_04397,0.0,0.002893512792205229
GRW_04399,0.0,0.0005015360360487125
GRW_04400,1.0,0.9521128029637193
GRW_04401,0.0,0.0008359147540246586
GRW_04402,0.0,0.003808301894505257
GRW_04403,1.0,0.986974275608075
GRW_04404,0.0,0.010048532054999018
GRW_04405,0.0,0.013006589113866656
GRW_04406,0.0,0.0019321509792951082
GRW_04407,0.0,0.0003179428736797076
GRW_04408,0.0,0.7216642665845895
GRW_04409,0.0,0.0009883081420654124
GRW_04410,1.0,0.9568842718936478
GRW_04412,1.0,0.9586997087574763
GRW_04413,0.0,3.642843268380874e-05
GRW_04414,0.0,0.0005254123810942802
GRW_04415,1.0,0.9871860295707312
GRW_04416,0.0,0.0028961876033979303
GRW_04417,0.0,0.001879729481545351
GRW_04420,1.0,0.9820662107729999
GRW_04421,0.0,0.0003763475491897648
GRW_04422,1.0,0.992139537807681
GRW_04423,1.0,0.9391350380647918
GRW_04424,0.0,0.76918603078482
GRW_04426,0.0,0.003403121042288456
GRW_04428,1.0,0.9865696034763998
GRW_04429,1.0,0.9611144122269321
GRW_04430,0.0,0.008438499836260879
GRW_04431,0.0,0.0028659211579809183
GRW_04432,0.0,0.0026937924219832964
GRW_04433,0.0,0.0017636746776113004
GRW_04435,0.0,0.000611007884291502
GRW_04436,1.0,0.986750551618402
GRW_04437,0.0,0.000719106451800303
GRW_04439,0.0,0.09586062034979743
GRW_04440,0.0,9.524443537810593e-05
GRW_04441,0.0,0.001712929761222878
GRW_04442,0.0,0.0002695570716880344
GRW_04443,0.0,3.549490532398519e-05
GRW_04444,0.0,0.025244509380657927
GRW_04446,0.0,0.00012386486220121334
GRW_04447,0.0,0.00337611788488561
GRW_04449,0.0,0.0025887880555280273
GRW_04450,1.0,0.9733990722901353
GRW_04451,0.0,0.0030538395179052274
GRW_04452,1.0,0.9615910763273812
GRW_04455,1.0,0.9672043766769194
GRW_04456,0.0,0.00018921966415884532
GRW_04457,0.0,0.013826425190342334
GRW_04458,0.0,0.001070422928078535
GRW_04459,0.0,0.00075950770547195
GRW_04460,0.0,0.0037353271419013857
GRW_04461,0.0,0.0007152280280942006
GRW_04462,0.0,0.002270042649255879
GRW_04463,0.0,0.023113289156788633
GRW_04464,1.0,0.9868515038333863
GRW_04466,0.0,0.0012607334817278375
GRW_04468,0.0,0.0025368264457003003
GRW_04469,0.0,0.0025961187232498985
GRW_04470,0.0,0.004790493585239294
GRW_04471,1.0,0.9919216941705664
GRW_04472,0.0,0.6733014701624223
GRW_04474,1.0,0.9785661813970963
GRW_04475,0.0,0.00037725147548341165
GRW_04476,1.0,0.9790320963630996
GRW_04477,0.0,0.0008085160153364082
GRW_04478,0.0,0.0006281228631846169
GRW_04481,0.0,0.00464330150326403
GRW_04482,0.0,0.7328394667633988
GRW_04483,0.0,0.000765204549161036
GRW_04484,1.0,0.9720669517867097
GRW_04485,0.0,0.03648488893819005
GRW_04486,0.0,0.003018507723801309
GRW_04487,1.0,0.984955404659486
GRW_04488,0.0,0.00033829833424684527
GRW_04489,0.0,0.007535373192246718
GRW_04491,0.0,0.0030655169057618383
GRW_04493,0.0,0.005354612024901409
GRW_04494,0.0,0.0007265240645594141
GRW_04496,1.0,0.9793199216514457
GRW_04497,0.0,0.10615048351044772
GRW_04498,0.0,0.0003544221233675815
GRW_04500,0.0,0.0030303671777850267
GRW_04501,0.0,0.0010261030025722868
GRW_04502,0.0,0.01450678332758959
GRW_04503,0.0,0.00040327072409342515
GRW_04505,0.0,0.0008431551255065709
GRW_04506,0.0,0.0004942746310843622
GRW_04507,0.0,0.0009859890450214233
GRW_04508,0.0,0.0012177853509283947
GRW_04509,1.0,0.9839401790172557
GRW_04510,0.0,0.0015288823783063282
GRW_04512,0.0,0.0001319552706374698
GRW_04513,0.0,0.000354866840197569
GRW_04514,0.0,0.001318932456939713
GRW_04516,0.0,5.940379300440616e-05
GRW_04517,0.0,0.004186320811320614
GRW_04518,1.0,0.946779194337126
GRW_04519,0.0,0.00028711355675254655
GRW_04523,1.0,0.8705167779193904
GRW_04525,1.0,0.8936738832755193
GRW_04526,0.0,0.0003656284872526928
GRW_04527,1.0,0.9873586084926256
GRW_04528,1.0,0.9344277416729933
GRW_04529,0.0,0.001681630413982086
GRW_04530,0.0,0.0007083017905110909
GRW_04531,0.0,0.0423158021693027
GRW_04532,1.0,0.9663788578612754
GRW_04533,1.0,0.9675520861980687
GRW_04534,0.0,0.0008236233342545725
GRW_04535,0.0,0.00028188860516189824
GRW_04536,0.0,0.0071530269095664316
GRW_04537,0.0,0.00021103384168679907
GRW_04538,0.0,0.0007584073236220352
GRW_04539,0.0,0.0004544788469464159
GRW_04540,0.0,0.0001354967489572795
GRW_04541,0.0,0.0005992683852878642
GRW_04542,0.0,0.00030249015247659373
GRW_04543,0.0,0.00012104626858642431
GRW_04544,0.0,0.0017028338167170386
GRW_04547,0.0,0.002554092210403734
GRW_04550,0.0,0.0010905443104594545
GRW_04552,0.0,0.0012021402159930511
GRW_04553,0.0,0.0012284501403992181
GRW_04554,0.0,0.0006315155672987611
GRW_04555,0.0,0.0014876968141985423
GRW_04556,0.0,0.002100453980579917
GRW_04559,0.0,2.1404422839895852e-05
GRW_04561,0.0,0.0002728407030173596
GRW_04563,1.0,0.9514305061853618
GRW_04564,0.0,0.0004923078865056367
GRW_04565,0.0,0.001082330118983761
GRW_04566,0.0,0.00017436164010552132
GRW_04567,1.0,0.984542292036805
GRW_04569,0.0,0.009833093525614392
GRW_04571,1.0,0.9539606531943973
GRW_04572,1.0,0.9887203056857912
GRW_04573,0.0,0.00037390802487330274
GRW_04575,1.0,0.9774955396810322
GRW_04576,0.0,7.517234609460354e-05
GRW_04577,0.0,0.00016280594142309662
GRW_04578,0.0,0.0002778272009856241
GRW_04579,0.0,0.0018332072951624417
GRW_04582,0.0,0.0035474481199467126
GRW_04583,0.0,0.0006320915817810164
GRW_04584,1.0,0.9811175882513715
GRW_04586,0.0,0.0005607687137045033
GRW_04587,1.0,0.9844955443564724
GRW_04588,0.0,0.0007092455622851064
GRW_04590,0.0,0.0004971160502537045
GRW_04591,1.0,0.986004256352041
GRW_04593,1.0,0.9661105271817417
GRW_04594,0.0,0.00029741312217663367
GRW_04595,0.0,0.0005358312627830891
GRW_04596,0.0,0.00041126856744982986
GRW_04597,0.0,4.3915332472941494e-05
GRW_04598,0.0,0.24388769150754624
GRW_04599,1.0,0.9857370754423134
GRW_04600,1.0,0.9562420509093248
GRW_04602,0.0,0.0003894724393658993
GRW_04603,0.0,6.0532351606515566e-05
GRW_04604,0.0,0.003255765144168314
GRW_04605,0.0,0.0017351877648333514
GRW_04606,0.0,0.0015986916549439718
GRW_04607,0.0,0.0005202555185231701
GRW_04608,0.0,0.00036762161147753467
GRW_04609,0.0,0.0006097018993419836
GRW_04610,0.0,8.055712895197617e-05
GRW_04615,0.0,0.010254255993275278
GRW_04617,1.0,0.9872631849815829
GRW_04618,1.0,0.9522804788315677
GRW_04619,0.0,0.010411818178323451
GRW_04620,0.0,0.01704398550413865
GRW_04621,1.0,0.8868997842367712
GRW_04623,0.0,0.0021660937362752704
GRW_04624,1.0,0.9380906373276163
GRW_04625,1.0,0.9839377202422739
GRW_04627,0.0,0.0005293160520018981
GRW_04628,0.0,0.0003089925771457658
GRW_04631,0.0,0.001915515053433254
GRW_04632,0.0,0.0022224637888360594
GRW_04635,0.0,0.0014913243551465942
GRW_04636,1.0,0.9766431777553116
GRW_04637,0.0,0.0005997192930289669
GRW_04638,0.0,0.0012326237732091453
GRW_04639,0.0,0.002594440213928435
GRW_04640,0.0,0.0002818266063200728
GRW_04641,0.0,0.0008105262663011906
GRW_04643,0.0,0.00025625235493046067
GRW_04644,0.0,0.0005024609669121622
GRW_04645,0.0,0.00036471472492771517
GRW_04647,0.0,0.0028881246002619414
GRW_04648,0.0,0.001179288786434297
GRW_04650,0.0,0.0010790923682415876
GRW_04651,0.0,0.8102501057547492
GRW_04653,0.0,0.0011474599250936373
GRW_04656,1.0,0.9732401055408754
GRW_04657,0.0,4.896876012774125e-05
GRW_04658,0.0,0.0028740872319697364
GRW_04660,0.0,0.011196073390170341
GRW_04661,0.0,0.003912527390920298
GRW_04662,0.0,0.0005846417234491404
GRW_04663,0.0,0.0006543280051055983
GRW_04664,0.0,0.036924063475585064
GRW_04665,0.0,0.00036140826195232476
GRW_04667,0.0,0.0004951579451499604
GRW_04668,0.0,0.0005929741695399242
GRW_04669,0.0,0.0005059121720890117
GRW_04670,0.0,0.0015744994185067191
GRW_04671,0.0,0.0009898132715421529
GRW_04672,1.0,0.9920270934434818
GRW_04673,0.0,0.004636458617327154
GRW_04674,0.0,0.0007548694080923048
GRW_04675,1.0,0.9535541034611437
GRW_04676,1.0,0.9682902653423258
GRW_04677,1.0,0.9561622357118607
GRW_04679,0.0,0.3365245858204305
GRW_04680,0.0,0.005422667028072991
GRW_04681,0.0,0.006963191202751408
GRW_04683,1.0,0.9766304810098936
GRW_04684,0.0,0.020211672333608034
GRW_04687,0.0,0.000784135337644089
GRW_04689,0.0,4.4491604029453054e-05
GRW_04690,0.0,0.048828539053241166
GRW_04692,0.0,0.008652249877846342
GRW_04693,0.0,0.0002947555291403895
GRW_04694,0.0,0.0008896382517835578
GRW_04699,1.0,0.9394998754071758
GRW_04700,0.0,0.0022209898841074683
GRW_04701,0.0,0.0018208506016330903
GRW_04702,0.0,0.0008621672098305494
GRW_04703,0.0,0.00013885940448059772
GRW_04705,1.0,0.9816224707618048
GRW_04708,0.0,0.00017961234138209344
GRW_04710,0.0,0.0007860536609465043
GRW_04712,1.0,0.9926643195632062
GRW_04713,0.0,0.0010882181632856864
GRW_04714,0.0,0.0003419822315460321
GRW_04715,0.0,0.0030016597182638744
GRW_04716,0.0,0.0004975465089471637
GRW_04717,0.0,0.001386601441778793
GRW_04718,0.0,0.7275429472205944
GRW_04719,0.0,0.000300182651113036
GRW_04720,1.0,0.9752657807288115
GRW_04721,0.0,0.005474929969405805
GRW_04722,0.0,0.008763795270103226
GRW_04724,1.0,0.9795361552037736
GRW_04725,0.0,0.02301389293697969
GRW_04726,1.0,0.9832265858004059
GRW_04727,0.0,0.0007092546556507022
GRW_04728,0.0,6.894996939276928e-05
GRW_04729,0.0,0.0015621441200623278
GRW_04730,0.0,7.610461599304213e-05
GRW_04731,0.0,0.001071219327289322
GRW_04733,0.0,0.0006398778257379076
GRW_04735,0.0,0.0030828047230080746
GRW_04737,0.0,0.00016375180242660995
GRW_04738,0.0,0.005868677734897996
GRW_04740,0.0,0.00017131788912823058
GRW_04741,0.0,1.3011927931303351e-05
GRW_04742,0.0,0.02612593065253115
GRW_04743,1.0,0.9902321590709975
GRW_04744,0.0,0.0007232947921646637
GRW_04745,1.0,0.9863013293088617
GRW_04746,1.0,0.9799048739013548
GRW_04747,0.0,0.0021342090098632562
GRW_04748,0.0,0.0009937277322894138
GRW_04749,0.0,0.00033570055367065514
GRW_04750,0.0,0.01101331201835993
GRW_04752,0.0,0.10143534071665115
GRW_04753,1.0,0.9728825247635334
GRW_04754,0.0,0.0005258881946273124
GRW_04756,0.0,0.5052736564324616
GRW_04757,0.0,0.01924931026696525
GRW_04760,0.0,0.0002525362014787534
GRW_04761,0.0,0.0004906382283049717
GRW_04762,1.0,0.9712564743388824
GRW_04764,1.0,0.9420359449592334
GRW_04765,0.0,0.00033647536231126707
GRW_04766,0.0,0.0022575520958590238
GRW_04769,1.0,0.9838144436250066
GRW_04771,0.0,0.0002045283422946823
GRW_04772,0.0,0.0004048124762735477
GRW_04773,0.0,7.226930911719406e-05
GRW_04774,0.0,0.000798835277112623
GRW_04776,1.0,0.9596043658371459
GRW_04777,0.0,0.0010455545821891408
GRW_04778,1.0,0.9919298418948715
GRW_04779,0.0,0.0007551600274110328
GRW_04780,0.0,0.003627417750694084
GRW_04785,0.0,0.0007002392107288117
GRW_04786,0.0,0.000499670612466851
GRW_04787,0.0,0.0006853056151431475
GRW_04788,0.0,1.5042626561917229e-05
GRW_04789,0.0,0.0012299045192217604
GRW_04790,0.0,0.0002297182134667789
GRW_04791,0.0,0.009263757222505853
GRW_04792,0.0,0.00010279486317332483
GRW_04793,0.0,0.027404257639493917
GRW_04794,0.0,0.0021140430666176484
GRW_04795,0.0,0.0012842345841561056
GRW_04796,0.0,0.014411389785282927
GRW_04797,1.0,0.9821309200743842
GRW_04798,1.0,0.957134045156872
GRW_04799,0.0,0.0032242753410102747
GRW_04801,0.0,0.005647984151988294
GRW_04802,0.0,0.0024533925815787058
GRW_04803,0.0,0.0004578448116003992
GRW_04804,0.0,0.0009363699407365465
GRW_04805,1.0,0.989492963310605
GRW_04806,0.0,0.003948514369399222
GRW_04807,0.0,0.0002157388126034733
GRW_04808,0.0,0.0036490064383957925
GRW_04809,1.0,0.9624541698262002
GRW_04810,1.0,0.992682859766896
GRW_04812,0.0,0.00023931275757515966
GRW_04814,0.0,0.0004077878129653419
GRW_04816,0.0,0.002630210946327638
GRW_04817,0.0,0.0012738714446503083
GRW_04818,0.0,0.0006355855349382775
GRW_04819,0.0,0.004169422252950604
GRW_04820,0.0,8.066043718989766e-05
GRW_04821,0.0,0.0008510719851376041
GRW_04822,0.0,0.0014982066250116696
GRW_04823,0.0,0.0037952147726249895
GRW_04824,0.0,0.0014846597621141467
GRW_04826,0.0,0.0001812419821626536
GRW_04827,1.0,0.9911465258418661
GRW_04828,1.0,0.9947246184408489
GRW_04829,0.0,0.0016617461138853159
GRW_04830,1.0,0.9876393848602313
GRW_04831,0.0,0.0007811223448105799
GRW_04833,1.0,0.9732218713018137
GRW_04834,1.0,0.9709998597006152
GRW_04835,1.0,0.9605177172225862
GRW_04837,1.0,0.9615672287005648
GRW_04838,1.0,0.97912380113478
GRW_04839,0.0,0.001128069070934948
GRW_04840,0.0,0.0001995938229699289
GRW_04842,0.0,0.0007316270896966121
GRW_04843,0.0,0.004231276915835188
GRW_04844,1.0,0.9838763465532203
GRW_04845,0.0,0.00447764944619033
GRW_04846,0.0,0.5523848430803161
GRW_04847,1.0,0.9758089740312123
GRW_04850,0.0,0.0012047264425706528
GRW_04852,1.0,0.9858681139095937
GRW_04853,0.0,0.01723812282156149
GRW_04854,0.0,0.000518108196241184
GRW_04855,0.0,0.0008982518688139696
GRW_04856,0.0,0.00010370909107237171
GRW_04857,1.0,0.9544845558608852
GRW_04858,0.0,0.0008769890768353001
GRW_04859,1.0,0.969072271073713
GRW_04860,0.0,0.00012085600273048527
GRW_04862,0.0,0.0034437029946953555
GRW_04863,1.0,0.9649464186379565
GRW_04864,0.0,0.0014292958309776484
GRW_04865,0.0,0.002349472558141537
GRW_04866,0.0,0.0008008138450743722
GRW_04867,1.0,0.9716630142821787
GRW_04869,0.0,0.0880337332472957
GRW_04870,0.0,0.00027595245471066516
GRW_04871,0.0,0.0004759863624848132
GRW_04872,1.0,0.9856745857857315
GRW_04874,0.0,0.0003280449320962695
GRW_04875,0.0,0.006027632448048607
GRW_04876,0.0,0.00703265198977914
GRW_04877,0.0,0.6882620375466553
GRW_04878,0.0,0.0006872492052695086
GRW_04880,0.0,0.0013102673574774027
GRW_04881,0.0,0.001075188481048595
GRW_04883,0.0,0.0015798826898666164
GRW_04884,0.0,0.0014096408999395916
GRW_04886,0.0,0.002279395862196573
GRW_04887,0.0,0.7970578310442251
GRW_04888,0.0,0.0009505322175770653
GRW_04889,0.0,0.5306420895333638
GRW_04891,0.0,0.00206607992174044
GRW_04892,1.0,0.9653192994906149
GRW_04893,1.0,0.963766492031307
GRW_04895,0.0,0.6377699794075818
GRW_04897,0.0,0.0007885825715202536
GRW_04898,0.0,0.0002753165620554892
GRW_04901,0.0,0.7042920714553645
GRW_04902,1.0,0.985343331335116
GRW_04903,0.0,0.0004199634123464846
GRW_04906,1.0,0.9776953833448295
GRW_04907,0.0,0.000739888086498639
GRW_04908,0.0,0.01606867859755101
GRW_04909,0.0,0.0013036827820878298
GRW_04912,0.0,0.0011063588768015376
GRW_04915,0.0,0.001143417627385771
GRW_04916,0.0,0.0018607309936862554
GRW_04917,0.0,0.0024315000824747276
GRW_04918,1.0,0.9780658141939778
GRW_04919,0.0,0.006174924200344743
GRW_04920,0.0,0.006760733169536661
GRW_04921,0.0,0.048228202113300984
GRW_04924,1.0,0.964934840544496
GRW_04927,0.0,0.000592947945219069
GRW_04928,0.0,0.00040380187789952875
GRW_04929,0.0,0.002356261731697223
GRW_04930,0.0,0.0038222795018182003
GRW_04931,1.0,0.9570748436490728
GRW_04932,1.0,0.9720143453677198
GRW_04933,1.0,0.9203454782701996
GRW_04934,0.0,0.0017002904012508046
GRW_04935,1.0,0.9744140571560429
GRW_04936,0.0,0.010696241340533045
GRW_04937,0.0,0.0005057262700346412
GRW_04938,1.0,0.9561199431826282
GRW_04939,0.0,0.0001315589828665346
GRW_04941,0.0,0.007046248142223796
GRW_04946,0.0,0.0018235223669494768
GRW_04947,0.0,0.0010904006921406315
GRW_04949,0.0,0.0002624535325117582
GRW_04950,0.0,0.0001945839706481485
GRW_04952,0.0,0.0012835805907965624
GRW_04953,1.0,0.9298539526482985
GRW_04955,0.0,0.0005665665272483032
GRW_04956,0.0,0.030545040383418848
GRW_04957,0.0,0.0014350596799946492
GRW_04958,0.0,0.00040466180650751323
GRW_04959,0.0,0.0003030549885889311
GRW_04961,0.0,0.00039522755048992253
GRW_04962,0.0,0.0018373244055674039
GRW_04964,0.0,0.016974523765014862
GRW_04965,0.0,0.0002571087070328115
GRW_04966,0.0,0.011543109133521436
GRW_04967,0.0,0.0034720631995758884
GRW_04968,0.0,0.0005400076235263322
GRW_04969,0.0,0.003504911122262094
GRW_04970,0.0,0.0009611599562460727
GRW_04972,0.0,0.0007184219451087052
GRW_04975,0.0,0.00029197982348032163
GRW_04978,1.0,0.9786842401392731
GRW_04979,1.0,0.9508685792601749
GRW_04981,0.0,0.001022894373458013
GRW_04982,0.0,0.0012136646491148458
GRW_04983,0.0,0.0015738300382133923
GRW_04984,0.0,6.75763779043497e-05
GRW_04985,0.0,0.0011471517223592173
GRW_04986,0.0,0.00013065845148473032
GRW_04987,0.0,0.0011840184680117763
GRW_04989,0.0,0.003457976016348025
GRW_04990,0.0,0.0009332797365880169
GRW_04992,0.0,0.004657368028708929
GRW_04993,0.0,0.00034178252977617096
GRW_04995,1.0,0.9973894751969399
GRW_04996,0.0,0.0011569356120720027
GRW_04997,0.0,0.0001249166444929962
GRW_04998,0.0,0.013536367793128204
GRW_05000,0.0,0.00022988682242310716
GRW_05001,1.0,0.9367503398934219
GRW_05004,0.0,0.0006589768498478761
GRW_05005,0.0,0.0001912787558603995
GRW_05006,0.0,0.000926393749218864
GRW_05007,0.0,1.3114255744006552e-05
GRW_05008,0.0,0.0006922820261941157
GRW_05009,0.0,0.7027836561480437
GRW_05010,0.0,0.00043754703733723567
GRW_05012,1.0,0.9870206549628978
GRW_05013,0.0,0.001967502876518053
GRW_05014,0.0,0.000130120760984084
GRW_05015,0.0,0.00034236533949453
GRW_05016,0.0,0.016154120646761656
GRW_05019,0.0,0.06456145564468606
GRW_05020,1.0,0.9767323639135411
GRW_05021,1.0,0.9536153204306
GRW_05023,0.0,0.0025778659629708445
GRW_05025,0.0,0.0005752933599313037
GRW_05028,0.0,0.0032842069832382885
GRW_05031,0.0,0.0007001527039996146
GRW_05032,0.0,0.0010515137762492598
GRW_05034,0.0,0.0010814899500320304
GRW_05035,0.0,3.071546441590509e-05
GRW_05036,0.0,0.00031377361282037067
GRW_05037,0.0,0.0007674177053526343
GRW_05040,1.0,0.98693863267887
GRW_05041,0.0,0.003054229857058433
GRW_05043,0.0,0.00014090098090786322
GRW_05044,0.0,0.0003469823426135234
GRW_05045,0.0,0.0005072813123407132
GRW_05047,1.0,0.9839064631610989
GRW_05048,0.0,0.0009196151011986352
GRW_05049,0.0,0.3629072007761465
GRW_05050,0.0,0.0005211179489453281
GRW_05051,0.0,0.01616857183730768
GRW_05054,0.0,0.026979570752385013
GRW_05055,0.0,0.0009960991299161571
GRW_05056,0.0,0.0012331451318569853
GRW_05058,1.0,0.9896847026140195
GRW_05059,0.0,0.0008582127383175177
GRW_05061,0.0,0.001138108875719176
GRW_05062,0.0,0.0009883758201149713
GRW_05065,0.0,0.0025089823637075006
GRW_05066,0.0,9.86398061383902e-05
GRW_05067,0.0,0.007414671424502126
GRW_05068,0.0,0.002956043602591275
GRW_05071,1.0,0.9827449586258081
GRW_05072,0.0,0.0049856169515010915
GRW_05073,0.0,0.001893474915446659
GRW_05074,0.0,0.0008710376675169643
GRW_05076,1.0,0.9189359098564369
GRW_05077,0.0,0.09695230289250327
GRW_05078,0.0,6.697221773278355e-05
GRW_05079,1.0,0.9707765580366075
GRW_05080,0.0,0.022604587783758488
GRW_05081,0.0,0.00339333605837046
GRW_05082,0.0,0.0020502135164936295
GRW_05083,0.0,0.0005235572871622323
GRW_05086,0.0,0.0002662641062985938
GRW_05087,0.0,0.0018920385030139146
GRW_05088,0.0,0.0008264603411584874
GRW_05091,0.0,0.0038741673094437124
GRW_05092,0.0,0.0003310013990224368
GRW_05093,0.0,0.0017291011801929387
GRW_05094,0.0,0.0010213226089654539
GRW_05096,0.0,0.0029364029000322287
GRW_05097,0.0,0.014902254102451782
GRW_05098,0.0,0.0018704527193855206
GRW_05099,1.0,0.9747996783127421
GRW_05101,0.0,0.005448698139964507
GRW_05103,0.0,0.016435893688100847
GRW_05105,0.0,0.008167336031537
GRW_05106,0.0,0.00048541419246718806
GRW_05107,0.0,0.007420871266193742
GRW_05108,0.0,0.0004750765198662485
GRW_05109,1.0,0.9659363862289031
GRW_05111,0.0,0.00024923331530977185
GRW_05112,0.0,0.0003118391919760998
GRW_05113,0.0,0.0003286910216439778
GRW_05114,0.0,0.00038636836878986
GRW_05116,0.0,0.0005040449505427263
GRW_05117,0.0,0.0012072509424047005
GRW_05118,0.0,0.00013265661206947018
GRW_05119,0.0,0.03106157931462526
GRW_05122,0.0,0.0016699839412896889
GRW_05123,0.0,0.7456342230007674
GRW_05124,0.0,0.00028547860297559733
GRW_05126,1.0,0.9809951801624257
GRW_05127,0.0,0.00011512155047089155
GRW_05129,0.0,0.013175442903377382
GRW_05131,1.0,0.9752808618330122
GRW_05132,0.0,0.0073876959457493735
GRW_05133,1.0,0.9875639720958178
GRW_05134,0.0,6.876811948684701e-05
GRW_05136,0.0,0.003395465732719962
GRW_05138,0.0,0.0028102932515141625
GRW_05140,0.0,0.0018199069931665774
GRW_05141,0.0,0.0012311679488340255
GRW_05142,1.0,0.9831092252203413
GRW_05143,0.0,0.007536570606268918
GRW_05144,0.0,0.6396957191948156
GRW_05145,0.0,0.0007931636129965359
GRW_05147,1.0,0.9255933597609416
GRW_05148,0.0,0.0003842590578192478
GRW_05149,0.0,0.0057741977857393035
GRW_05150,0.0,0.4544322202753665
GRW_05151,0.0,0.006105326334235483
GRW_05152,0.0,0.002799480384728528
GRW_05153,0.0,0.0008608747571538701
GRW_05154,0.0,0.0009718409497113366
GRW_05156,0.0,0.0003099532892062505
GRW_05157,1.0,0.9936964233354586
GRW_05158,1.0,0.9256717584365682
GRW_05159,1.0,0.9836596577195071
GRW_05160,0.0,0.0018935630694329746
GRW_05162,0.0,0.0002526897547911945
GRW_05164,0.0,0.0004705159396683957
GRW_05165,1.0,0.9924611078140639
GRW_05166,0.0,0.006042600084769532
GRW_05167,0.0,0.00037043602265074096
GRW_05169,0.0,0.0011540678289739988
GRW_05170,0.0,0.003016333843646535
GRW_05171,0.0,0.024826214028541415
GRW_05173,0.0,0.0006296759420208254
GRW_05174,0.0,0.0009759551438423878
GRW_05176,1.0,0.9803841164872257
GRW_05177,0.0,0.00010258752228869797
GRW_05178,0.0,0.00012239937774731724
GRW_05179,0.0,0.00018544090633724369
GRW_05180,0.0,0.0005789782000731288
GRW_05181,0.0,0.575400924601174
GRW_05182,0.0,0.000435693896304492
GRW_05183,0.0,0.00105126905695595
GRW_05184,1.0,0.9624489384337953
GRW_05185,0.0,0.005057172441487803
GRW_05186,1.0,0.9941116569137485
GRW_05188,0.0,0.0051026391988633875
GRW_05190,0.0,0.00016772648841707134
GRW_05192,0.0,0.0020813760431994364
GRW_05196,0.0,0.4656058976886938
GRW_05198,0.0,0.0002547231411332466
GRW_05199,0.0,0.004371979481162152
GRW_05200,0.0,0.002010364123466798
GRW_05203,0.0,0.23745281745842495
GRW_05204,0.0,0.0007087253043106233
GRW_05206,0.0,0.0020942151340148894
GRW_05207,0.0,0.0002771599778891658
GRW_05208,0.0,0.0010558061141473435
GRW_05210,1.0,0.957122361032208
GRW_05211,1.0,0.9926242208416562
GRW_05212,0.0,0.004393771924191096
GRW_05213,0.0,0.0009148164100475857
GRW_05214,1.0,0.9732492545720541
GRW_05215,0.0,0.002567591971008974
GRW_05216,1.0,0.9865837738316735
GRW_05217,0.0,0.03486611130953203
GRW_05218,0.0,0.0008819649277135725
GRW_05219,0.0,0.00019341460284694767
GRW_05221,0.0,0.018830926409060582
GRW_05222,0.0,0.0005348773006117206
GRW_05224,0.0,0.0005400357388567759
GRW_05226,0.0,0.0005668334536578023
GRW_05232,0.0,0.003011895530769013
GRW_05233,0.0,0.0007824135918601626
GRW_05234,0.0,0.0012625759019847713
GRW_05235,0.0,0.5077829867400584
GRW_05236,0.0,0.0012878179795834449
GRW_05237,0.0,0.002348873719140303
GRW_05238,0.0,0.0016704962002883285
GRW_05239,1.0,0.9273874608593505
GRW_05240,1.0,0.963630074841577
GRW_05241,0.0,0.0010712315943079871
GRW_05242,0.0,8.526863082662698e-05
GRW_05243,0.0,0.00017953185969963507
GRW_05244,0.0,0.0003624145616766578
GRW_05245,1.0,0.9874028374511277
GRW_05246,0.0,0.00115002287439628
GRW_05247,0.0,0.0014047126380865413
GRW_05249,0.0,0.0030140034564206915
GRW_05250,0.0,0.004967071593680686
GRW_05252,0.0,0.009346136524970038
GRW_05253,1.0,0.9712032986232062
GRW_05254,0.0,0.6816714215373395
GRW_05255,0.0,0.0014097117192116496
GRW_05256,0.0,0.00857855220297692
GRW_05259,1.0,0.9781257313438854
GRW_05260,0.0,0.00032344199585804083
GRW_05261,0.0,0.0035352866836760224
GRW_05262,0.0,0.015239439336218626
GRW_05263,0.0,0.001181849241746457
GRW_05264,0.0,0.007793355045808777
GRW_05265,1.0,0.9535740365248454
GRW_05266,0.0,0.0038827806494632403
GRW_05267,1.0,0.9722454158232745
GRW_05268,0.0,0.4367642914113847
GRW_05269,0.0,0.0008106118500055648
GRW_05270,0.0,0.004556296083762426
GRW_05271,0.0,0.006866179649427265
GRW_05272,0.0,0.0037145441470716406
GRW_05273,0.0,0.009987213772678548
GRW_05274,0.0,0.006569831078594128
GRW_05275,0.0,0.000548192479652056
GRW_05276,1.0,0.9836048669843948
GRW_05278,1.0,0.9643346117237099
GRW_05279,1.0,0.9338312821710433
GRW_05280,0.0,0.0032122317887978906
GRW_05281,0.0,0.004381174035903636
GRW_05283,0.0,0.0009598624405380049
GRW_05284,0.0,0.34276323622889127
GRW_05286,0.0,0.010287294467461334
GRW_05287,0.0,0.0004577302667036171
GRW_05288,0.0,0.0019724840429733823
GRW_05289,0.0,0.0038733177153223966
GRW_05291,0.0,0.007718437896238839
GRW_05292,0.0,0.0018780195965423265
GRW_05293,1.0,0.9806376784744325
GRW_05295,0.0,0.0080608841719685
GRW_05298,0.0,0.5395159290440908
GRW_05299,1.0,0.983220190765253
GRW_05300,0.0,0.015230405870377382
GRW_05301,0.0,0.002274759080536442
GRW_05302,0.0,0.0001385209775281995
GRW_05303,0.0,0.00039560205356141154
GRW_05304,0.0,0.00013490872677288747
GRW_05305,0.0,0.00831024053918665
GRW_05306,0.0,0.00406627971107467
GRW_05307,0.0,0.0002036432009141072
GRW_05308,0.0,0.001224967264554622
GRW_05309,0.0,0.00012617577246351992
GRW_05310,0.0,0.04394872120286224
GRW_05313,0.0,0.00016946702163241783
GRW_05315,0.0,0.004051813834620108
GRW_05316,1.0,0.974588024727078
GRW_05317,0.0,0.0025353934032560483
GRW_05318,0.0,0.0368092858487585
GRW_05319,0.0,0.0005982146250847613
GRW_05321,0.0,0.00025225988015328886
GRW_05322,0.0,0.0002883147336560238
GRW_05323,0.0,0.0021371952579036626
GRW_05324,0.0,0.006844816398056022
GRW_05325,0.0,0.0005082240838685899
GRW_05327,0.0,0.0010799477717362688
GRW_05330,0.0,0.00040995047421644743
GRW_05331,0.0,0.00024149959709588684
GRW_05333,0.0,0.20027745168639094
GRW_05334,0.0,0.0007042820332495625
GRW_05337,1.0,0.9859975594894913
GRW_05340,1.0,0.9981232845182023
GRW_05341,1.0,0.9771480228791831
GRW_05342,0.0,0.0008200498065509008
GRW_05343,0.0,0.0022903528974852925
GRW_05344,0.0,0.0005192837681193325
GRW_05345,0.0,0.0006405302193320081
GRW_05346,0.0,0.005227163240055811
GRW_05347,0.0,0.0054012932182583625
GRW_05348,0.0,0.0020325733427995893
GRW_05349,0.0,0.0002160135652237951
GRW_05351,0.0,0.4094619403991048
GRW_05352,1.0,0.9901824080372487
GRW_05353,0.0,0.004890365438201836
GRW_05354,0.0,0.0015478628517248503
GRW_05356,0.0,0.0016961327336481448
GRW_05357,1.0,0.9741487945720108
GRW_05358,0.0,0.007109755863285276
GRW_05359,0.0,0.00012568276700787513
GRW_05362,1.0,0.9866817361166119
GRW_05364,1.0,0.9772038659005816
GRW_05366,1.0,0.9780471912710463
GRW_05367,0.0,0.00012472788758211635
GRW_05368,0.0,0.0012438610955336383
GRW_05369,0.0,0.0030665455003836242
GRW_05370,0.0,0.0010997084911054818
GRW_05371,0.0,0.0018128514876360384
GRW_05372,0.0,0.008041474274646606
GRW_05373,0.0,0.0041140625965347625
GRW_05374,0.0,0.0003418884818495259
GRW_05375,0.0,0.0003193271177047428
GRW_05376,1.0,0.9714505876803156
GRW_05377,0.0,0.0007661481492815213
GRW_05378,0.0,0.0027564231630436776
GRW_05380,0.0,0.0009079224443734941
GRW_05382,0.0,5.650142456004022e-05
GRW_05383,0.0,0.006368380912477285
GRW_05384,0.0,0.00142063446576224
GRW_05385,0.0,0.0012768665671281671
GRW_05386,0.0,0.0004251458041384475
GRW_05387,0.0,0.00010295966142537488
GRW_05388,0.0,0.0016408752257031582
GRW_05389,0.0,0.014915277839242104
GRW_05390,0.0,0.00023212294205803268
GRW_05392,0.0,0.0010492679976490693
GRW_05393,0.0,0.0016895443098768324
GRW_05394,0.0,0.001762846915728657
GRW_05399,0.0,0.001395519237715429
GRW_05400,1.0,0.9930390526642703
GRW_05401,0.0,0.0004974307383366231
GRW_05402,0.0,0.00012033575538502366
GRW_05403,0.0,0.004882781518097737
GRW_05404,1.0,0.9409995902149422
GRW_05406,0.0,0.000838700465621406
GRW_05408,0.0,0.0006859893130058066
GRW_05409,0.0,0.0011957603283742004
GRW_05410,1.0,0.9810858780923558
GRW_05411,0.0,0.3552863665084813
GRW_05413,0.0,0.0006072760320915268
GRW_05414,0.0,0.00031993458435377784
GRW_05415,0.0,0.43534441730320583
GRW_05416,0.0,0.0003978948093388898
GRW_05420,0.0,8.474980417426629e-05
GRW_05421,0.0,0.5985453104837298
GRW_05422,0.0,0.006805339808016359
GRW_05423,1.0,0.9689950816652906
GRW_05424,1.0,0.9473509108795373
GRW_05425,0.0,0.02308364823511375
GRW_05426,0.0,0.0011769539326528366
GRW_05428,0.0,0.0006100055680731848
GRW_05429,0.0,0.0016193259805152192
GRW_05430,0.0,0.0005340932314647908
GRW_05431,1.0,0.9851863797849625
GRW_05433,0.0,0.006911049165435837
GRW_05434,0.0,0.0009129995510761932
GRW_05435,0.0,0.0013922377789741167
GRW_05436,1.0,0.9437964665187457
GRW_05437,0.0,0.0027372202829816926
GRW_05438,1.0,0.9699753594529003
GRW_05440,1.0,0.9912242325146925
GRW_05441,0.0,0.004970821442850599
GRW_05442,0.0,0.0026049428197396723
GRW_05443,0.0,0.0005976622728813216
GRW_05444,0.0,0.000713573670487312
GRW_05445,1.0,0.9187321309103498
GRW_05446,1.0,0.9907178436917787
GRW_05449,0.0,0.00047700453930331365
GRW_05450,0.0,0.02090320317457003
GRW_05452,0.0,0.0010214572064224912
GRW_05453,1.0,0.9659255433757646
GRW_05456,0.0,0.00013704278250563966
GRW_05457,0.0,0.0010434817478264609
GRW_05458,0.0,0.0007903355549933006
GRW_05460,0.0,0.6282155461973297
GRW_05461,0.0,0.02212224295271968
GRW_05462,0.0,0.000412182037677833
GRW_05463,0.0,0.0021245060232912955
GRW_05464,0.0,0.0013897378038097092
GRW_05467,0.0,0.00019324292340738822
GRW_05469,0.0,0.0013196590432579289
GRW_05471,0.0,0.0007687113891669243
GRW_05472,0.0,0.0005873980983339167
GRW_05476,0.0,0.0012309029137474896
GRW_05477,0.0,0.0001164177867040367
GRW_05478,0.0,0.00010001291515236417
GRW_05479,0.0,0.0015850549180685244
GRW_05480,0.0,0.001352551351502638
GRW_05481,0.0,0.0036567201434576286
GRW_05484,0.0,0.0022385244664179377
GRW_05485,0.0,0.006470048767510879
GRW_05486,0.0,6.949600044955256e-05
GRW_05487,1.0,0.9965020576641808
GRW_05488,0.0,0.01017217135350984
GRW_05489,0.0,0.012365294681191573
GRW_05490,0.0,0.00030394028959793476
GRW_05491,0.0,0.0003728743560755143
GRW_05492,0.0,7.936135321220508e-05
GRW_05493,0.0,0.5759149615615942
GRW_05494,0.0,0.005086196242536078
GRW_05496,0.0,0.007555269702719172
GRW_05497,1.0,0.9932764041832924
GRW_05499,1.0,0.9882225847452241
GRW_05501,0.0,0.00017996575439562052
GRW_05504,0.0,0.004600719829237748
GRW_05506,0.0,0.01315957693947812
GRW_05509,0.0,0.0003043404468636837
GRW_05513,1.0,0.9908222302474171
GRW_05515,1.0,0.9590075939325355
GRW_05516,1.0,0.9929306749375517
GRW_05517,0.0,0.0003457706787925837
GRW_05518,1.0,0.9966188848828184
GRW_05519,0.0,0.006876900989367996
GRW_05520,0.0,0.0011418213713043962
GRW_05521,1.0,0.9809339682773306
GRW_05523,0.0,0.4815066923992029
GRW_05524,0.0,0.0038418834949311984
GRW_05525,0.0,0.0002240769425403686
GRW_05526,1.0,0.9848432036061961
GRW_05527,0.0,0.003981063640362795
GRW_05528,0.0,0.005430769601445541
GRW_05529,0.0,0.0004996447770738365
GRW_05530,0.0,0.0009742745216952109
GRW_05531,0.0,0.0015856727577554187
GRW_05532,0.0,0.00037520213328128254
GRW_05533,0.0,0.0035702357483467736
GRW_05535,1.0,0.9779704798932009
GRW_05538,0.0,0.03448770096925496
GRW_05539,0.0,0.0033696967994026575
GRW_05540,0.0,0.0037122431691637577
GRW_05541,0.0,0.0017728384406034304
GRW_05547,0.0,0.0022668562113564114
GRW_05548,0.0,0.002033378548236417
GRW_05549,0.0,0.0002366440699174749
GRW_05550,1.0,0.9760596993403104
GRW_05551,0.0,0.0009596479768884546
GRW_05553,0.0,0.0003346756385998362
GRW_05555,0.0,0.00045885308237188514
GRW_05556,0.0,0.0005238791710379778
GRW_05557,1.0,0.9635810448892634
GRW_05558,1.0,0.9478086746162402
GRW_05559,0.0,0.0026468460235937394
GRW_05560,0.0,0.0006258458806009131
GRW_05561,0.0,0.0012529185587581769
GRW_05562,1.0,0.9961093889978279
GRW_05563,0.0,0.0004082143303461848
GRW_05566,0.0,0.0010562827848275157
GRW_05567,0.0,0.009717034528448212
GRW_05570,0.0,0.02596193308139023
GRW_05571,1.0,0.9663725087226813
GRW_05572,0.0,0.0023901506536397926
GRW_05573,1.0,0.9742420684172458
GRW_05574,1.0,0.9682230486750818
GRW_05575,0.0,0.00021657813965479824
GRW_05576,0.0,0.00019610933569179855
GRW_05577,0.0,0.0005836887907257951
GRW_05580,0.0,0.006746073493183505
GRW_05582,0.0,0.00015644186396381187
GRW_05584,0.0,6.148518958160223e-05
GRW_05587,0.0,7.989271697992861e-05
GRW_05588,0.0,0.0014973872854072414
GRW_05589,0.0,6.773979076277238e-05
GRW_05590,0.0,0.0005907422130279234
GRW_05591,0.0,0.00024950673337086743
GRW_05592,1.0,0.9309968269424534
GRW_05596,1.0,0.9477100633894819
GRW_05598,1.0,0.9551143780230444
GRW_05599,1.0,0.956841881291714
GRW_05600,0.0,0.0005285990148339875
GRW_05601,1.0,0.9824965001883251
GRW_05602,0.0,0.0003110228541279751
GRW_05604,0.0,0.4750160073665874
GRW_05606,1.0,0.9152137448378523
GRW_05607,0.0,0.0011141471649833438
GRW_05608,0.0,0.001641630297182296
GRW_05609,0.0,0.008734062191282225
GRW_05610,0.0,0.0009375823392474471
GRW_05611,0.0,0.026208044010920167
GRW_05612,0.0,0.0035188465928703287
GRW_05613,0.0,0.007014751271328617
GRW_05614,0.0,0.07309361511863974
GRW_05615,0.0,0.49876295672032983
GRW_05616,1.0,0.9594892288893024
GRW_05618,1.0,0.9837781492763451
GRW_05620,0.0,0.0005219987350459443
GRW_05621,0.0,0.0003895060652515511
GRW_05622,0.0,0.0011971961714131068
GRW_05625,0.0,0.0015535788352724655
GRW_05626,0.0,0.015281314782285602
GRW_05627,0.0,0.004275133177763104
GRW_05628,0.0,0.012048050805187144
GRW_05631,0.0,0.0014997109596314466
GRW_05632,0.0,0.0005870172750327211
GRW_05633,0.0,0.00029297063988328523
GRW_05634,0.0,0.0008837479903592196
GRW_05636,0.0,0.0010434508617784503
GRW_05637,0.0,0.0006042545819035597
GRW_05638,0.0,8.86478316023387e-05
GRW_05639,1.0,0.8956398996169124
GRW_05641,0.0,0.00045631103575657483
GRW_05645,0.0,0.0003428749981813373
GRW_05646,1.0,0.990690717999935
GRW_05647,0.0,0.0002023746698154713
GRW_05648,0.0,0.016723368572220867
GRW_05649,0.0,0.000762838725197883
GRW_05650,0.0,0.20251189175541684
GRW_05651,0.0,0.0014332405388822707
GRW_05652,0.0,0.0004250336877910652
GRW_05653,0.0,0.0005742333939233187
GRW_05655,0.0,0.0005648984702450136
GRW_05657,1.0,0.9504786478748437
GRW_05658,0.0,0.0018474994640746247
GRW_05659,0.0,0.0006896493013154087
GRW_05660,0.0,0.00019328085415984574
GRW_05663,0.0,0.006715393641571373
GRW_05664,0.0,0.002497454418585206
GRW_05665,0.0,0.00438012789900417
GRW_05666,0.0,0.0017278245334315396
GRW_05667,0.0,0.0005061559891998358
GRW_05668,0.0,0.00026473199874196726
GRW_05670,0.0,0.0004045838553253744
GRW_05671,0.0,0.00038513380627550357
GRW_05673,0.0,0.6535240065401616
GRW_05676,0.0,6.0182173540739824e-05
GRW_05677,0.0,0.0011680767299672124
GRW_05678,0.0,0.0002878375859789062
GRW_05679,0.0,0.001891047635845401
GRW_05680,0.0,0.0003387327540686589
GRW_05681,0.0,0.00013089067483634838
GRW_05682,1.0,0.9794117223463746
GRW_05683,1.0,0.9806922884336026
GRW_05684,0.0,0.000494567260366577
GRW_05685,0.0,0.001779112459993742
GRW_05686,1.0,0.9627736385257644
GRW_05688,1.0,0.9401013694694391
GRW_05689,0.0,0.006330966606298277
GRW_05690,0.0,0.0015664409262449584
GRW_05691,0.0,0.00036706298270513133
GRW_05692,1.0,0.9653511198725082
GRW_05693,0.0,0.0004732631216321361
GRW_05694,0.0,0.003489512100752308
GRW_05695,0.0,0.00032321395695960453
GRW_05697,0.0,0.0015212019242805705
GRW_05698,0.0,0.0007225001445612407
GRW_05699,0.0,0.0009668817764784072
GRW_05700,0.0,4.702694568101714e-05
GRW_05701,0.0,1.5264430572593372e-05
GRW_05702,0.0,0.00019076704960755716
GRW_05703,0.0,0.00273371887850448
GRW_05706,0.0,0.002338436146246517
GRW_05707,1.0,0.9519948437911646
GRW_05708,0.0,1.5862897825983157e-05
GRW_05709,0.0,0.0026883431653697506
GRW_05710,0.0,0.004042834592131913
GRW_05711,0.0,0.001507474127956188
GRW_05713,0.0,0.00029746839999795534
GRW_05717,0.0,0.010790263231209693
GRW_05718,0.0,0.052533992539242
GRW_05720,0.0,0.513207770807606
GRW_05721,0.0,0.001070111661259346
GRW_05722,1.0,0.9588991156168177
GRW_05723,0.0,0.00010701411022338271
GRW_05724,1.0,0.9916597407719042
GRW_05725,1.0,0.8709465907150751
GRW_05727,0.0,0.0008132387995309289
GRW_05728,1.0,0.9734941059518389
GRW_05729,1.0,0.9558300786139278
GRW_05730,0.0,0.0006002900638898057
GRW_05734,0.0,0.0005085349965776502
GRW_05735,0.0,0.0025783221119970363
GRW_05738,0.0,0.3401577009810739
GRW_05739,0.0,0.0004486404167886483
GRW_05740,0.0,0.00019708389727554303
GRW_05741,0.0,0.00035119719818101894
GRW_05742,0.0,0.0003869060389385808
GRW_05743,0.0,0.024436402662247763
GRW_05744,0.0,0.00012337350431796968
GRW_05745,1.0,0.956152300820918
GRW_05746,0.0,0.000429120814747149
GRW_05747,1.0,0.9755964313791367
GRW_05750,0.0,0.0013997089184443782
GRW_05751,0.0,0.34057112252325944
GRW_05752,0.0,0.0012626310433477867
GRW_05753,0.0,0.007202479667541549
GRW_05754,0.0,0.0012302837098655032
GRW_05755,0.0,0.003118768153144134
GRW_05756,0.0,0.004607016220974996
GRW_05757,1.0,0.9219658687864513
GRW_05760,0.0,0.0002535264835700584
GRW_05761,0.0,0.000741052633174529
GRW_05762,0.0,0.002718078166538318
GRW_05763,0.0,0.00048169574522727076
GRW_05764,0.0,0.0005663728121574858
GRW_05765,1.0,0.9484508345488327
GRW_05767,0.0,0.0006838481214481255
GRW_05768,0.0,0.8592540357840076
GRW_05770,0.0,0.003886996584546967
GRW_05771,0.0,0.000408552660183577
GRW_05772,0.0,0.002010154822300758
GRW_05773,0.0,0.0075598521418060345
GRW_05774,0.0,0.003038867402103577
GRW_05775,0.0,0.000275001054630543
GRW_05777,0.0,0.39190489505346837
GRW_05778,0.0,0.006638095846886846
GRW_05779,0.0,0.0002999413234378531
GRW_05780,0.0,0.009369515876149403
GRW_05782,0.0,0.00038763622098377063
GRW_05783,0.0,0.00014559898140250932
GRW_05784,0.0,0.00010311605499061766
GRW_05785,0.0,0.00010489110865878429
GRW_05786,0.0,0.0005694809425379537
GRW_05790,0.0,0.6418695648557806
GRW_05791,0.0,0.0014440612464883518
GRW_05792,0.0,0.0034828826994199613
GRW_05793,0.0,0.00035242058624496245
GRW_05794,0.0,0.000614183242522712
GRW_05795,0.0,0.00040437785883976567
GRW_05798,0.0,0.007994465346750742
GRW_05799,0.0,0.0013308475827395242
GRW_05800,0.0,0.0011013539422141526
GRW_05802,1.0,0.9900261076349206
GRW_05804,0.0,0.0008137028172109322
GRW_05805,0.0,0.0005291550831945543
GRW_05806,0.0,0.04714514040951585
GRW_05807,0.0,0.00026908567165082156
GRW_05808,0.0,0.00026697085802892916
GRW_05810,0.0,0.014929272975948295
GRW_05811,0.0,0.019214578638597147
GRW_05814,0.0,0.0017331758762815497
GRW_05815,0.0,0.0013849310514581518
GRW_05816,0.0,0.019638288390569126
GRW_05817,0.0,0.0021065448587039245
GRW_05818,0.0,0.0005616946292527928
GRW_05820,0.0,0.0002911584942637697
GRW_05821,0.0,0.00711763632589918
GRW_05823,0.0,0.0005542786606265549
GRW_05825,0.0,0.00020946970133915274
GRW_05826,0.0,0.001162879621281308
GRW_05827,1.0,0.9740183615389969
GRW_05829,0.0,0.0004376494209928534
GRW_05830,1.0,0.9720768545411302
GRW_05832,1.0,0.9458344365324176
GRW_05834,0.0,0.23411102262306482
GRW_05835,0.0,1.0229276855689695e-05
GRW_05837,0.0,8.171476815413975e-05
GRW_05838,0.0,0.0023624569596057744
GRW_05839,0.0,0.00018757343877786136
GRW_05840,0.0,0.001617017388287145
GRW_05842,0.0,0.0005307620898610493
GRW_05843,0.0,0.0020844247342997244
GRW_05844,0.0,0.4131335893458444
GRW_05846,1.0,0.9752345623806411
GRW_05847,0.0,0.006126735059314212
GRW_05848,1.0,0.95063606272278
GRW_05850,0.0,0.0032217838588351026
GRW_05851,1.0,0.9470931786192929
GRW_05852,0.0,0.0017499528524640845
GRW_05854,0.0,0.0008947568599998374
GRW_05855,1.0,0.9186196951568866
GRW_05856,0.0,0.012346416911054302
GRW_05857,0.0,0.0002031051080128673
GRW_05858,1.0,0.9817226863684756
GRW_05859,0.0,0.002708170900453344
GRW_05860,1.0,0.9463676593672208
GRW_05861,0.0,0.0004568072270187843
GRW_05862,0.0,0.000364866938282325
GRW_05863,0.0,0.001146516957614569
GRW_05864,1.0,0.9396328544630463
GRW_05865,0.0,5.982777509148691e-05
GRW_05866,1.0,0.984641098052801
GRW_05868,0.0,0.0017458625315916506
GRW_05869,0.0,0.003844805370864489
GRW_05870,0.0,0.003389549709254197
GRW_05871,0.0,0.20550734575020382
GRW_05872,0.0,0.0009257123402122611
GRW_05874,0.0,0.0005288674561075498
GRW_05875,0.0,0.0016132622265841116
GRW_05877,0.0,0.00031967016462286485
GRW_05878,0.0,6.830533563414398e-05
GRW_05880,0.0,0.0008917978636153693
GRW_05881,1.0,0.9764268127635379
GRW_05884,0.0,0.0012199753165463934
GRW_05885,0.0,0.008406890322890322
GRW_05887,0.0,0.0009317577993781387
GRW_05888,0.0,0.001950241544995953
GRW_05889,0.0,0.9063361686831659
GRW_05890,0.0,0.00011464676260316035
GRW_05891,0.0,0.00040215434918160767
GRW_05892,0.0,0.0009733543411088815
GRW_05893,0.0,0.006186457322228285
GRW_05895,0.0,0.0009462464309930805
GRW_05896,1.0,0.9405213344694483
GRW_05897,0.0,0.0017094852717688032
GRW_05898,0.0,0.0003823290112493829
GRW_05900,0.0,0.00045153799524707357
GRW_05902,0.0,0.0009680987784616792
GRW_05903,0.0,0.001644012639070817
GRW_05904,1.0,0.9622227758134284
GRW_05905,1.0,0.9722288720594825
GRW_05906,0.0,0.0003495591970246335
GRW_05907,0.0,0.5844117040888358
GRW_05909,1.0,0.9450548239600063
GRW_05910,0.0,0.000778697009473785
GRW_05911,0.0,0.0004739952237779354
GRW_05912,0.0,0.003241665562136729
GRW_05913,0.0,0.01208880400580705
GRW_05914,0.0,0.0013479499659895472
GRW_05915,0.0,0.0022243440606599606
GRW_05916,0.0,0.002092446058580113
GRW_05917,0.0,0.45959224051699743
GRW_05918,1.0,0.9864308788642049
GRW_05919,0.0,0.0004294695331070965
GRW_05920,1.0,0.9786402168519616
GRW_05921,0.0,0.45457771253091916
GRW_05922,0.0,0.0038079441203085623
GRW_05923,0.0,0.00031233868317076405
GRW_05924,0.0,0.6864286612023895
GRW_05925,0.0,0.6690983325211126
GRW_05926,0.0,0.0017851629090319626
GRW_05927,0.0,9.102050456167466e-05
GRW_05928,0.0,0.001490209188293734
GRW_05929,0.0,0.0012725181342937346
GRW_05930,0.0,0.0006223483060280847
GRW_05931,0.0,0.0005299549326770737
GRW_05932,0.0,0.0003448451449790564
GRW_05934,1.0,0.9711449850427087
GRW_05935,0.0,0.005026026411760554
GRW_05936,0.0,0.002252112130693244
GRW_05937,1.0,0.9925633426774968
GRW_05938,1.0,0.9656986473224815
GRW_05939,0.0,0.000515965863684113
GRW_05941,0.0,0.0017832232363281008
GRW_05942,0.0,0.07366523216792317
GRW_05944,1.0,0.9821259521179473
GRW_05945,1.0,0.8378712478322099
GRW_05946,1.0,0.9978418571425745
GRW_05948,0.0,0.00097239445905344
GRW_05950,0.0,0.00033355463140580764
GRW_05951,0.0,0.001591295161955674
GRW_05952,0.0,0.005162601499665516
GRW_05953,0.0,0.00035463286003393173
GRW_05955,0.0,0.010682197433003365
GRW_05957,0.0,5.572431397924103e-05
GRW_05958,0.0,0.0017685860922786354
GRW_05959,0.0,0.0009280414287131361
GRW_05962,0.0,0.0003642685393753237
GRW_05964,0.0,0.0005721879804785102
GRW_05965,0.0,0.0011845396243798467
GRW_05966,0.0,0.0004520650136464027
GRW_05967,0.0,0.04767751420320648
GRW_05968,0.0,0.008175112122190022
GRW_05969,0.0,0.0009135195587948022
GRW_05970,0.0,0.0012173621178072688
GRW_05971,0.0,0.0005714908437913935
GRW_05973,0.0,0.0005116534524013826
GRW_05975,0.0,0.002834588628585229
GRW_05976,0.0,0.00026952410173658844
GRW_05977,0.0,0.027478767200705474
GRW_05978,0.0,0.0011943293697527354
GRW_05979,0.0,0.006612334344654466
GRW_05980,1.0,0.9647591116665936
GRW_05981,0.0,0.0012584817858814355
GRW_05982,1.0,0.9586197094689772
GRW_05983,0.0,0.01896080413308018
GRW_05985,1.0,0.9772386726787806
GRW_05987,0.0,0.0006272940169741227
GRW_05988,0.0,0.00533631743657305
GRW_05989,0.0,0.014805543025316606
GRW_05991,0.0,0.00015753178981283558
GRW_05992,0.0,0.00490623515406939
GRW_05993,0.0,0.0003117595010662885
GRW_05995,0.0,0.0016882127617227198
GRW_05996,0.0,0.0007753516782524864
GRW_05997,0.0,0.0007750474987557104
GRW_05998,1.0,0.9901642143052354
GRW_05999,0.0,0.00026588154005743826
GRW_06000,0.0,0.0020654077416368986
