grower_id,segment_id
GRW_00001,SEG_0050
GRW_00002,SEG_0049
GRW_00003,SEG_0026
GRW_00004,SEG_0051
GRW_00005,SEG_0029
GRW_00006,SEG_0010
GRW_00007,SEG_0012
GRW_00008,SEG_0003
GRW_00009,SEG_0048
GRW_00010,SEG_0009
GRW_00011,SEG_0009
GRW_00012,SEG_0012
GRW_00013,SEG_0002
GRW_00014,SEG_0012
GRW_00015,SEG_0010
GRW_00016,SEG_0002
GRW_00017,SEG_0030
GRW_00018,SEG_0028
GRW_00019,SEG_0009
GRW_00020,SEG_0027
GRW_00021,SEG_0047
GRW_00022,SEG_0012
GRW_00023,SEG_0018
GRW_00024,SEG_0005
GRW_00025,SEG_0014
GRW_00026,SEG_0022
GRW_00027,SEG_0050
GRW_00028,SEG_0010
GRW_00029,SEG_0009
GRW_00030,SEG_0012
GRW_00031,SEG_0022
GRW_00032,SEG_0012
GRW_00033,SEG_0009
GRW_00034,SEG_0009
GRW_00035,SEG_0031
GRW_00036,SEG_0028
GRW_00037,SEG_0025
GRW_00038,SEG_0006
GRW_00039,SEG_0010
GRW_00040,SEG_0009
GRW_00041,SEG_0051
GRW_00042,SEG_0003
GRW_00043,SEG_0030
GRW_00044,SEG_0012
GRW_00045,SEG_0006
GRW_00046,SEG_0003
GRW_00047,SEG_0020
GRW_00048,SEG_0046
GRW_00049,SEG_0024
GRW_00050,SEG_0009
GRW_00051,SEG_0009
GRW_00052,SEG_0020
GRW_00053,SEG_0001
GRW_00054,SEG_0022
GRW_00055,SEG_0024
GRW_00056,SEG_0024
GRW_00057,SEG_0037
GRW_00058,SEG_0018
GRW_00059,SEG_0037
GRW_00060,SEG_0012
GRW_00061,SEG_0034
GRW_00062,SEG_0022
GRW_00063,SEG_0034
GRW_00064,SEG_0009
GRW_00065,SEG_0047
GRW_00066,SEG_0009
GRW_00067,SEG_0018
GRW_00068,SEG_0003
GRW_00069,SEG_0029
GRW_00070,SEG_0012
GRW_00071,SEG_0012
GRW_00072,SEG_0031
GRW_00073,SEG_0051
GRW_00074,SEG_0012
GRW_00075,SEG_0046
GRW_00076,SEG_0009
GRW_00077,SEG_0025
GRW_00078,SEG_0043
GRW_00079,SEG_0040
GRW_00080,SEG_0029
GRW_00081,SEG_0012
GRW_00082,SEG_0022
GRW_00083,SEG_0022
GRW_00084,SEG_0008
GRW_00085,SEG_0012
GRW_00086,SEG_0000
GRW_00087,SEG_0035
GRW_00088,SEG_0037
GRW_00089,SEG_0009
GRW_00090,SEG_0014
GRW_00091,SEG_0038
GRW_00092,SEG_0048
GRW_00093,SEG_0012
GRW_00094,SEG_0006
GRW_00095,SEG_0050
GRW_00096,SEG_0038
GRW_00097,SEG_0051
GRW_00098,SEG_0036
GRW_00099,SEG_0012
GRW_00100,SEG_0009
GRW_00101,SEG_0041
GRW_00102,SEG_0044
GRW_00103,SEG_0037
GRW_00104,SEG_0009
GRW_00105,SEG_0000
GRW_00106,SEG_0043
GRW_00107,SEG_0002
GRW_00108,SEG_0012
GRW_00109,SEG_0047
GRW_00110,SEG_0012
GRW_00111,SEG_0036
GRW_00112,SEG_0000
GRW_00113,SEG_0029
GRW_00114,SEG_0026
GRW_00115,SEG_0015
GRW_00116,SEG_0048
GRW_00117,SEG_0013
GRW_00118,SEG_0049
GRW_00119,SEG_0002
GRW_00120,SEG_0015
GRW_00121,SEG_0012
GRW_00122,SEG_0020
GRW_00123,SEG_0013
GRW_00124,SEG_0002
GRW_00125,SEG_0015
GRW_00126,SEG_0040
GRW_00127,SEG_0012
GRW_00128,SEG_0017
GRW_00129,SEG_0001
GRW_00130,SEG_0002
GRW_00131,SEG_0039
GRW_00132,SEG_0012
GRW_00133,SEG_0034
GRW_00134,SEG_0003
GRW_00135,SEG_0023
GRW_00136,SEG_0037
GRW_00137,SEG_0050
GRW_00138,SEG_0032
GRW_00139,SEG_0009
GRW_00140,SEG_0048
GRW_00141,SEG_0001
GRW_00142,SEG_0031
GRW_00143,SEG_0012
GRW_00144,SEG_0028
GRW_00145,SEG_0043
GRW_00146,SEG_0012
GRW_00147,SEG_0012
GRW_00148,SEG_0009
GRW_00149,SEG_0003
GRW_00150,SEG_0012
GRW_00151,SEG_0009
GRW_00152,SEG_0014
GRW_00153,SEG_0044
GRW_00154,SEG_0042
GRW_00155,SEG_0012
GRW_00156,SEG_0003
GRW_00157,SEG_0002
GRW_00158,SEG_0003
GRW_00159,SEG_0033
GRW_00160,SEG_0009
GRW_00161,SEG_0002
GRW_00162,SEG_0047
GRW_00163,SEG_0017
GRW_00164,SEG_0049
GRW_00165,SEG_0009
GRW_00166,SEG_0010
GRW_00167,SEG_0012
GRW_00168,SEG_0022
GRW_00169,SEG_0009
GRW_00170,SEG_0027
GRW_00171,SEG_0044
GRW_00172,SEG_0019
GRW_00173,SEG_0020
GRW_00174,SEG_0001
GRW_00175,SEG_0012
GRW_00176,SEG_0012
GRW_00177,SEG_0007
GRW_00178,SEG_0031
GRW_00179,SEG_0049
GRW_00180,SEG_0043
GRW_00181,SEG_0009
GRW_00182,SEG_0000
GRW_00183,SEG_0038
GRW_00184,SEG_0033
GRW_00185,SEG_0032
GRW_00186,SEG_0028
GRW_00187,SEG_0012
GRW_00188,SEG_0012
GRW_00189,SEG_0009
GRW_00190,SEG_0010
GRW_00191,SEG_0040
GRW_00192,SEG_0041
GRW_00193,SEG_0025
GRW_00194,SEG_0008
GRW_00195,SEG_0009
GRW_00196,SEG_0012
GRW_00197,SEG_0043
GRW_00198,SEG_0006
GRW_00199,SEG_0009
GRW_00200,SEG_0012
GRW_00201,SEG_0012
GRW_00202,SEG_0012
GRW_00203,SEG_0012
GRW_00204,SEG_0009
GRW_00205,SEG_0001
GRW_00206,SEG_0047
GRW_00207,SEG_0005
GRW_00208,SEG_0008
GRW_00209,SEG_0009
GRW_00210,SEG_0002
GRW_00211,SEG_0022
GRW_00212,SEG_0015
GRW_00213,SEG_0013
GRW_00214,SEG_0035
GRW_00215,SEG_0031
GRW_00216,SEG_0042
GRW_00217,SEG_0035
GRW_00218,SEG_0026
GRW_00219,SEG_0042
GRW_00220,SEG_0012
GRW_00221,SEG_0010
GRW_00222,SEG_0009
GRW_00223,SEG_0012
GRW_00224,SEG_0010
GRW_00225,SEG_0003
GRW_00226,SEG_0035
GRW_00227,SEG_0009
GRW_00228,SEG_0040
GRW_00229,SEG_0028
GRW_00230,SEG_0047
GRW_00231,SEG_0033
GRW_00232,SEG_0049
GRW_00233,SEG_0010
GRW_00234,SEG_0003
GRW_00235,SEG_0001
GRW_00236,SEG_0012
GRW_00237,SEG_0014
GRW_00238,SEG_0025
GRW_00239,SEG_0020
GRW_00240,SEG_0047
GRW_00241,SEG_0012
GRW_00242,SEG_0012
GRW_00243,SEG_0017
GRW_00244,SEG_0015
GRW_00245,SEG_0025
GRW_00246,SEG_0043
GRW_00247,SEG_0016
GRW_00248,SEG_0007
GRW_00249,SEG_0019
GRW_00250,SEG_0048
GRW_00251,SEG_0035
GRW_00252,SEG_0050
GRW_00253,SEG_0034
GRW_00254,SEG_0051
GRW_00255,SEG_0012
GRW_00256,SEG_0014
GRW_00257,SEG_0002
GRW_00258,SEG_0009
GRW_00259,SEG_0048
GRW_00260,SEG_0031
GRW_00261,SEG_0043
GRW_00262,SEG_0012
GRW_00263,SEG_0003
GRW_00264,SEG_0025
GRW_00265,SEG_0045
GRW_00266,SEG_0041
GRW_00267,SEG_0000
GRW_00268,SEG_0041
GRW_00269,SEG_0005
GRW_00270,SEG_0040
GRW_00271,SEG_0002
GRW_00272,SEG_0001
GRW_00273,SEG_0009
GRW_00274,SEG_0000
GRW_00275,SEG_0012
GRW_00276,SEG_0003
GRW_00277,SEG_0026
GRW_00278,SEG_0028
GRW_00279,SEG_0013
GRW_00280,SEG_0029
GRW_00281,SEG_0012
GRW_00282,SEG_0001
GRW_00283,SEG_0008
GRW_00284,SEG_0030
GRW_00285,SEG_0030
GRW_00286,SEG_0012
GRW_00287,SEG_0028
GRW_00288,SEG_0009
GRW_00289,SEG_0015
GRW_00290,SEG_0012
GRW_00291,SEG_0043
GRW_00292,SEG_0009
GRW_00293,SEG_0021
GRW_00294,SEG_0003
GRW_00295,SEG_0006
GRW_00296,SEG_0036
GRW_00297,SEG_0012
GRW_00298,SEG_0009
GRW_00299,SEG_0019
GRW_00300,SEG_0012
GRW_00301,SEG_0009
GRW_00302,SEG_0012
GRW_00303,SEG_0009
GRW_00304,SEG_0012
GRW_00305,SEG_0047
GRW_00306,SEG_0002
GRW_00307,SEG_0007
GRW_00308,SEG_0028
GRW_00309,SEG_0012
GRW_00310,SEG_0047
GRW_00311,SEG_0040
GRW_00312,SEG_0050
GRW_00313,SEG_0024
GRW_00314,SEG_0027
GRW_00315,SEG_0025
GRW_00316,SEG_0000
GRW_00317,SEG_0048
GRW_00318,SEG_0016
GRW_00319,SEG_0007
GRW_00320,SEG_0012
GRW_00321,SEG_0008
GRW_00322,SEG_0002
GRW_00323,SEG_0033
GRW_00324,SEG_0013
GRW_00325,SEG_0051
GRW_00326,SEG_0001
GRW_00327,SEG_0017
GRW_00328,SEG_0047
GRW_00329,SEG_0049
GRW_00330,SEG_0022
GRW_00331,SEG_0012
GRW_00332,SEG_0031
GRW_00333,SEG_0000
GRW_00334,SEG_0023
GRW_00335,SEG_0012
GRW_00336,SEG_0014
GRW_00337,SEG_0044
GRW_00338,SEG_0002
GRW_00339,SEG_0012
GRW_00340,SEG_0001
GRW_00341,SEG_0043
GRW_00342,SEG_0037
GRW_00343,SEG_0012
GRW_00344,SEG_0029
GRW_00345,SEG_0029
GRW_00346,SEG_0001
GRW_00347,SEG_0012
GRW_00348,SEG_0046
GRW_00349,SEG_0036
GRW_00350,SEG_0025
GRW_00351,SEG_0048
GRW_00352,SEG_0045
GRW_00353,SEG_0051
GRW_00354,SEG_0033
GRW_00355,SEG_0047
GRW_00356,SEG_0034
GRW_00357,SEG_0009
GRW_00358,SEG_0010
GRW_00359,SEG_0047
GRW_00360,SEG_0012
GRW_00361,SEG_0048
GRW_00362,SEG_0002
GRW_00363,SEG_0016
GRW_00364,SEG_0009
GRW_00365,SEG_0000
GRW_00366,SEG_0049
GRW_00367,SEG_0047
GRW_00368,SEG_0013
GRW_00369,SEG_0010
GRW_00370,SEG_0009
GRW_00371,SEG_0012
GRW_00372,SEG_0032
GRW_00373,SEG_0011
GRW_00374,SEG_0007
GRW_00375,SEG_0012
GRW_00376,SEG_0012
GRW_00377,SEG_0024
GRW_00378,SEG_0007
GRW_00379,SEG_0000
GRW_00380,SEG_0025
GRW_00381,SEG_0031
GRW_00382,SEG_0026
GRW_00383,SEG_0043
GRW_00384,SEG_0012
GRW_00385,SEG_0012
GRW_00386,SEG_0011
GRW_00387,SEG_0021
GRW_00388,SEG_0004
GRW_00389,SEG_0013
GRW_00390,SEG_0003
GRW_00391,SEG_0000
GRW_00392,SEG_0012
GRW_00393,SEG_0002
GRW_00394,SEG_0011
GRW_00395,SEG_0009
GRW_00396,SEG_0015
GRW_00397,SEG_0007
GRW_00398,SEG_0012
GRW_00399,SEG_0012
GRW_00400,SEG_0007
GRW_00401,SEG_0039
GRW_00402,SEG_0009
GRW_00403,SEG_0012
GRW_00404,SEG_0009
GRW_00405,SEG_0012
GRW_00406,SEG_0026
GRW_00407,SEG_0024
GRW_00408,SEG_0039
GRW_00409,SEG_0003
GRW_00410,SEG_0002
GRW_00411,SEG_0022
GRW_00412,SEG_0002
GRW_00413,SEG_0003
GRW_00414,SEG_0046
GRW_00415,SEG_0003
GRW_00416,SEG_0051
GRW_00417,SEG_0048
GRW_00418,SEG_0012
GRW_00419,SEG_0003
GRW_00420,SEG_0010
GRW_00421,SEG_0043
GRW_00422,SEG_0010
GRW_00423,SEG_0002
GRW_00424,SEG_0042
GRW_00425,SEG_0012
GRW_00426,SEG_0012
GRW_00427,SEG_0030
GRW_00428,SEG_0051
GRW_00429,SEG_0009
GRW_00430,SEG_0048
GRW_00431,SEG_0009
GRW_00432,SEG_0009
GRW_00433,SEG_0046
GRW_00434,SEG_0003
GRW_00435,SEG_0002
GRW_00436,SEG_0003
GRW_00437,SEG_0002
GRW_00438,SEG_0042
GRW_00439,SEG_0042
GRW_00440,SEG_0041
GRW_00441,SEG_0012
GRW_00442,SEG_0009
GRW_00443,SEG_0003
GRW_00444,SEG_0032
GRW_00445,SEG_0020
GRW_00446,SEG_0032
GRW_00447,SEG_0012
GRW_00448,SEG_0043
GRW_00449,SEG_0002
GRW_00450,SEG_0022
GRW_00451,SEG_0020
GRW_00452,SEG_0028
GRW_00453,SEG_0012
GRW_00454,SEG_0030
GRW_00455,SEG_0011
GRW_00456,SEG_0049
GRW_00457,SEG_0031
GRW_00458,SEG_0033
GRW_00459,SEG_0029
GRW_00460,SEG_0031
GRW_00461,SEG_0009
GRW_00462,SEG_0031
GRW_00463,SEG_0009
GRW_00464,SEG_0033
GRW_00465,SEG_0018
GRW_00466,SEG_0050
GRW_00467,SEG_0044
GRW_00468,SEG_0015
GRW_00469,SEG_0026
GRW_00470,SEG_0010
GRW_00471,SEG_0012
GRW_00472,SEG_0012
GRW_00473,SEG_0009
GRW_00474,SEG_0015
GRW_00475,SEG_0015
GRW_00476,SEG_0046
GRW_00477,SEG_0051
GRW_00478,SEG_0048
GRW_00479,SEG_0012
GRW_00480,SEG_0003
GRW_00481,SEG_0016
GRW_00482,SEG_0025
GRW_00483,SEG_0005
GRW_00484,SEG_0026
GRW_00485,SEG_0012
GRW_00486,SEG_0047
GRW_00487,SEG_0024
GRW_00488,SEG_0034
GRW_00489,SEG_0000
GRW_00490,SEG_0015
GRW_00491,SEG_0003
GRW_00492,SEG_0035
GRW_00493,SEG_0031
GRW_00494,SEG_0002
GRW_00495,SEG_0039
GRW_00496,SEG_0003
GRW_00497,SEG_0009
GRW_00498,SEG_0003
GRW_00499,SEG_0051
GRW_00500,SEG_0030
GRW_00501,SEG_0029
GRW_00502,SEG_0050
GRW_00503,SEG_0042
GRW_00504,SEG_0002
GRW_00505,SEG_0010
GRW_00506,SEG_0012
GRW_00507,SEG_0015
GRW_00508,SEG_0009
GRW_00509,SEG_0001
GRW_00510,SEG_0001
GRW_00511,SEG_0039
GRW_00512,SEG_0008
GRW_00513,SEG_0045
GRW_00514,SEG_0013
GRW_00515,SEG_0012
GRW_00516,SEG_0003
GRW_00517,SEG_0031
GRW_00518,SEG_0012
GRW_00519,SEG_0001
GRW_00520,SEG_0012
GRW_00521,SEG_0009
GRW_00522,SEG_0021
GRW_00523,SEG_0009
GRW_00524,SEG_0010
GRW_00525,SEG_0009
GRW_00526,SEG_0012
GRW_00527,SEG_0019
GRW_00528,SEG_0035
GRW_00529,SEG_0013
GRW_00530,SEG_0049
GRW_00531,SEG_0048
GRW_00532,SEG_0012
GRW_00533,SEG_0012
GRW_00534,SEG_0021
GRW_00535,SEG_0012
GRW_00536,SEG_0043
GRW_00537,SEG_0015
GRW_00538,SEG_0003
GRW_00539,SEG_0010
GRW_00540,SEG_0017
GRW_00541,SEG_0000
GRW_00542,SEG_0003
GRW_00543,SEG_0037
GRW_00544,SEG_0025
GRW_00545,SEG_0051
GRW_00546,SEG_0041
GRW_00547,SEG_0001
GRW_00548,SEG_0012
GRW_00549,SEG_0012
GRW_00550,SEG_0011
GRW_00551,SEG_0012
GRW_00552,SEG_0047
GRW_00553,SEG_0012
GRW_00554,SEG_0048
GRW_00555,SEG_0020
GRW_00556,SEG_0012
GRW_00557,SEG_0009
GRW_00558,SEG_0001
GRW_00559,SEG_0024
GRW_00560,SEG_0031
GRW_00561,SEG_0014
GRW_00562,SEG_0002
GRW_00563,SEG_0043
GRW_00564,SEG_0044
GRW_00565,SEG_0003
GRW_00566,SEG_0012
GRW_00567,SEG_0003
GRW_00568,SEG_0002
GRW_00569,SEG_0012
GRW_00570,SEG_0027
GRW_00571,SEG_0009
GRW_00572,SEG_0000
GRW_00573,SEG_0004
GRW_00574,SEG_0023
GRW_00575,SEG_0037
GRW_00576,SEG_0014
GRW_00577,SEG_0003
GRW_00578,SEG_0020
GRW_00579,SEG_0042
GRW_00580,SEG_0041
GRW_00581,SEG_0025
GRW_00582,SEG_0032
GRW_00583,SEG_0045
GRW_00584,SEG_0012
GRW_00585,SEG_0038
GRW_00586,SEG_0009
GRW_00587,SEG_0025
GRW_00588,SEG_0028
GRW_00589,SEG_0019
GRW_00590,SEG_0044
GRW_00591,SEG_0012
GRW_00592,SEG_0033
GRW_00593,SEG_0009
GRW_00594,SEG_0001
GRW_00595,SEG_0023
GRW_00596,SEG_0016
GRW_00597,SEG_0032
GRW_00598,SEG_0040
GRW_00599,SEG_0012
GRW_00600,SEG_0012
GRW_00601,SEG_0038
GRW_00602,SEG_0001
GRW_00603,SEG_0047
GRW_00604,SEG_0026
GRW_00605,SEG_0034
GRW_00606,SEG_0016
GRW_00607,SEG_0019
GRW_00608,SEG_0017
GRW_00609,SEG_0012
GRW_00610,SEG_0035
GRW_00611,SEG_0007
GRW_00612,SEG_0031
GRW_00613,SEG_0009
GRW_00614,SEG_0021
GRW_00615,SEG_0009
GRW_00616,SEG_0012
GRW_00617,SEG_0000
GRW_00618,SEG_0035
GRW_00619,SEG_0034
GRW_00620,SEG_0048
GRW_00621,SEG_0019
GRW_00622,SEG_0047
GRW_00623,SEG_0047
GRW_00624,SEG_0048
GRW_00625,SEG_0014
GRW_00626,SEG_0049
GRW_00627,SEG_0029
GRW_00628,SEG_0010
GRW_00629,SEG_0045
GRW_00630,SEG_0009
GRW_00631,SEG_0002
GRW_00632,SEG_0013
GRW_00633,SEG_0045
GRW_00634,SEG_0043
GRW_00635,SEG_0031
GRW_00636,SEG_0000
GRW_00637,SEG_0029
GRW_00638,SEG_0012
GRW_00639,SEG_0032
GRW_00640,SEG_0012
GRW_00641,SEG_0012
GRW_00642,SEG_0030
GRW_00643,SEG_0012
GRW_00644,SEG_0031
GRW_00645,SEG_0003
GRW_00646,SEG_0023
GRW_00647,SEG_0001
GRW_00648,SEG_0044
GRW_00649,SEG_0001
GRW_00650,SEG_0002
GRW_00651,SEG_0002
GRW_00652,SEG_0033
GRW_00653,SEG_0003
GRW_00654,SEG_0031
GRW_00655,SEG_0015
GRW_00656,SEG_0033
GRW_00657,SEG_0009
GRW_00658,SEG_0011
GRW_00659,SEG_0046
GRW_00660,SEG_0001
GRW_00661,SEG_0011
GRW_00662,SEG_0012
GRW_00663,SEG_0048
GRW_00664,SEG_0012
GRW_00665,SEG_0011
GRW_00666,SEG_0012
GRW_00667,SEG_0008
GRW_00668,SEG_0000
GRW_00669,SEG_0036
GRW_00670,SEG_0033
GRW_00671,SEG_0017
GRW_00672,SEG_0001
GRW_00673,SEG_0041
GRW_00674,SEG_0003
GRW_00675,SEG_0000
GRW_00676,SEG_0009
GRW_00677,SEG_0039
GRW_00678,SEG_0044
GRW_00679,SEG_0007
GRW_00680,SEG_0026
GRW_00681,SEG_0000
GRW_00682,SEG_0009
GRW_00683,SEG_0012
GRW_00684,SEG_0021
GRW_00685,SEG_0045
GRW_00686,SEG_0000
GRW_00687,SEG_0029
GRW_00688,SEG_0037
GRW_00689,SEG_0012
GRW_00690,SEG_0012
GRW_00691,SEG_0012
GRW_00692,SEG_0012
GRW_00693,SEG_0009
GRW_00694,SEG_0034
GRW_00695,SEG_0006
GRW_00696,SEG_0001
GRW_00697,SEG_0015
GRW_00698,SEG_0012
GRW_00699,SEG_0001
GRW_00700,SEG_0009
GRW_00701,SEG_0021
GRW_00702,SEG_0004
GRW_00703,SEG_0004
GRW_00704,SEG_0001
GRW_00705,SEG_0007
GRW_00706,SEG_0003
GRW_00707,SEG_0040
GRW_00708,SEG_0049
GRW_00709,SEG_0015
GRW_00710,SEG_0051
GRW_00711,SEG_0041
GRW_00712,SEG_0027
GRW_00713,SEG_0047
GRW_00714,SEG_0007
GRW_00715,SEG_0020
GRW_00716,SEG_0003
GRW_00717,SEG_0012
GRW_00718,SEG_0003
GRW_00719,SEG_0009
GRW_00720,SEG_0037
GRW_00721,SEG_0012
GRW_00722,SEG_0000
GRW_00723,SEG_0049
GRW_00724,SEG_0001
GRW_00725,SEG_0013
GRW_00726,SEG_0000
GRW_00727,SEG_0045
GRW_00728,SEG_0042
GRW_00729,SEG_0001
GRW_00730,SEG_0014
GRW_00731,SEG_0040
GRW_00732,SEG_0009
GRW_00733,SEG_0000
GRW_00734,SEG_0009
GRW_00735,SEG_0025
GRW_00736,SEG_0015
GRW_00737,SEG_0013
GRW_00738,SEG_0031
GRW_00739,SEG_0031
GRW_00740,SEG_0003
GRW_00741,SEG_0012
GRW_00742,SEG_0010
GRW_00743,SEG_0038
GRW_00744,SEG_0040
GRW_00745,SEG_0009
GRW_00746,SEG_0031
GRW_00747,SEG_0001
GRW_00748,SEG_0021
GRW_00749,SEG_0050
GRW_00750,SEG_0028
GRW_00751,SEG_0031
GRW_00752,SEG_0035
GRW_00753,SEG_0027
GRW_00754,SEG_0013
GRW_00755,SEG_0034
GRW_00756,SEG_0003
GRW_00757,SEG_0013
GRW_00758,SEG_0012
GRW_00759,SEG_0012
GRW_00760,SEG_0012
GRW_00761,SEG_0009
GRW_00762,SEG_0032
GRW_00763,SEG_0002
GRW_00764,SEG_0000
GRW_00765,SEG_0015
GRW_00766,SEG_0028
GRW_00767,SEG_0014
GRW_00768,SEG_0012
GRW_00769,SEG_0048
GRW_00770,SEG_0034
GRW_00771,SEG_0007
GRW_00772,SEG_0051
GRW_00773,SEG_0012
GRW_00774,SEG_0009
GRW_00775,SEG_0034
GRW_00776,SEG_0028
GRW_00777,SEG_0041
GRW_00778,SEG_0009
GRW_00779,SEG_0004
GRW_00780,SEG_0001
GRW_00781,SEG_0003
GRW_00782,SEG_0048
GRW_00783,SEG_0001
GRW_00784,SEG_0009
GRW_00785,SEG_0009
GRW_00786,SEG_0000
GRW_00787,SEG_0035
GRW_00788,SEG_0002
GRW_00789,SEG_0042
GRW_00790,SEG_0012
GRW_00791,SEG_0009
GRW_00792,SEG_0011
GRW_00793,SEG_0003
GRW_00794,SEG_0012
GRW_00795,SEG_0000
GRW_00796,SEG_0010
GRW_00797,SEG_0047
GRW_00798,SEG_0038
GRW_00799,SEG_0012
GRW_00800,SEG_0000
GRW_00801,SEG_0037
GRW_00802,SEG_0012
GRW_00803,SEG_0012
GRW_00804,SEG_0015
GRW_00805,SEG_0014
GRW_00806,SEG_0000
GRW_00807,SEG_0003
GRW_00808,SEG_0026
GRW_00809,SEG_0029
GRW_00810,SEG_0002
GRW_00811,SEG_0005
GRW_00812,SEG_0041
GRW_00813,SEG_0051
GRW_00814,SEG_0012
GRW_00815,SEG_0002
GRW_00816,SEG_0001
GRW_00817,SEG_0007
GRW_00818,SEG_0006
GRW_00819,SEG_0009
GRW_00820,SEG_0000
GRW_00821,SEG_0016
GRW_00822,SEG_0042
GRW_00823,SEG_0048
GRW_00824,SEG_0033
GRW_00825,SEG_0015
GRW_00826,SEG_0015
GRW_00827,SEG_0012
GRW_00828,SEG_0036
GRW_00829,SEG_0003
GRW_00830,SEG_0009
GRW_00831,SEG_0037
GRW_00832,SEG_0029
GRW_00833,SEG_0003
GRW_00834,SEG_0043
GRW_00835,SEG_0034
GRW_00836,SEG_0012
GRW_00837,SEG_0011
GRW_00838,SEG_0015
GRW_00839,SEG_0000
GRW_00840,SEG_0001
GRW_00841,SEG_0010
GRW_00842,SEG_0047
GRW_00843,SEG_0012
GRW_00844,SEG_0019
GRW_00845,SEG_0009
GRW_00846,SEG_0001
GRW_00847,SEG_0040
GRW_00848,SEG_0009
GRW_00849,SEG_0014
GRW_00850,SEG_0041
GRW_00851,SEG_0006
GRW_00852,SEG_0048
GRW_00853,SEG_0012
GRW_00854,SEG_0012
GRW_00855,SEG_0029
GRW_00856,SEG_0030
GRW_00857,SEG_0001
GRW_00858,SEG_0015
GRW_00859,SEG_0012
GRW_00860,SEG_0036
GRW_00861,SEG_0004
GRW_00862,SEG_0021
GRW_00863,SEG_0035
GRW_00864,SEG_0037
GRW_00865,SEG_0015
GRW_00866,SEG_0007
GRW_00867,SEG_0009
GRW_00868,SEG_0024
GRW_00869,SEG_0011
GRW_00870,SEG_0051
GRW_00871,SEG_0017
GRW_00872,SEG_0009
GRW_00873,SEG_0034
GRW_00874,SEG_0012
GRW_00875,SEG_0029
GRW_00876,SEG_0015
GRW_00877,SEG_0008
GRW_00878,SEG_0012
GRW_00879,SEG_0015
GRW_00880,SEG_0023
GRW_00881,SEG_0012
GRW_00882,SEG_0007
GRW_00883,SEG_0002
GRW_00884,SEG_0012
GRW_00885,SEG_0003
GRW_00886,SEG_0009
GRW_00887,SEG_0002
GRW_00888,SEG_0012
GRW_00889,SEG_0017
GRW_00890,SEG_0024
GRW_00891,SEG_0044
GRW_00892,SEG_0007
GRW_00893,SEG_0026
GRW_00894,SEG_0045
GRW_00895,SEG_0009
GRW_00896,SEG_0010
GRW_00897,SEG_0012
GRW_00898,SEG_0031
GRW_00899,SEG_0042
GRW_00900,SEG_0012
GRW_00901,SEG_0013
GRW_00902,SEG_0012
GRW_00903,SEG_0002
GRW_00904,SEG_0049
GRW_00905,SEG_0037
GRW_00906,SEG_0017
GRW_00907,SEG_0015
GRW_00908,SEG_0003
GRW_00909,SEG_0044
GRW_00910,SEG_0012
GRW_00911,SEG_0009
GRW_00912,SEG_0043
GRW_00913,SEG_0010
GRW_00914,SEG_0047
GRW_00915,SEG_0041
GRW_00916,SEG_0013
GRW_00917,SEG_0022
GRW_00918,SEG_0012
GRW_00919,SEG_0003
GRW_00920,SEG_0006
GRW_00921,SEG_0002
GRW_00922,SEG_0012
GRW_00923,SEG_0000
GRW_00924,SEG_0040
GRW_00925,SEG_0041
GRW_00926,SEG_0035
GRW_00927,SEG_0032
GRW_00928,SEG_0003
GRW_00929,SEG_0031
GRW_00930,SEG_0007
GRW_00931,SEG_0044
GRW_00932,SEG_0022
GRW_00933,SEG_0011
GRW_00934,SEG_0012
GRW_00935,SEG_0030
GRW_00936,SEG_0012
GRW_00937,SEG_0002
GRW_00938,SEG_0006
GRW_00939,SEG_0042
GRW_00940,SEG_0038
GRW_00941,SEG_0004
GRW_00942,SEG_0028
GRW_00943,SEG_0015
GRW_00944,SEG_0012
GRW_00945,SEG_0012
GRW_00946,SEG_0002
GRW_00947,SEG_0005
GRW_00948,SEG_0029
GRW_00949,SEG_0025
GRW_00950,SEG_0001
GRW_00951,SEG_0003
GRW_00952,SEG_0012
GRW_00953,SEG_0020
GRW_00954,SEG_0013
GRW_00955,SEG_0012
GRW_00956,SEG_0044
GRW_00957,SEG_0012
GRW_00958,SEG_0006
GRW_00959,SEG_0001
GRW_00960,SEG_0049
GRW_00961,SEG_0047
GRW_00962,SEG_0051
GRW_00963,SEG_0041
GRW_00964,SEG_0000
GRW_00965,SEG_0012
GRW_00966,SEG_0011
GRW_00967,SEG_0014
GRW_00968,SEG_0014
GRW_00969,SEG_0000
GRW_00970,SEG_0009
GRW_00971,SEG_0003
GRW_00972,SEG_0009
GRW_00973,SEG_0014
GRW_00974,SEG_0038
GRW_00975,SEG_0002
GRW_00976,SEG_0047
GRW_00977,SEG_0010
GRW_00978,SEG_0012
GRW_00979,SEG_0012
GRW_00980,SEG_0027
GRW_00981,SEG_0036
GRW_00982,SEG_0013
GRW_00983,SEG_0009
GRW_00984,SEG_0024
GRW_00985,SEG_0034
GRW_00986,SEG_0014
GRW_00987,SEG_0036
GRW_00988,SEG_0029
GRW_00989,SEG_0014
GRW_00990,SEG_0015
GRW_00991,SEG_0012
GRW_00992,SEG_0012
GRW_00993,SEG_0025
GRW_00994,SEG_0017
GRW_00995,SEG_0002
GRW_00996,SEG_0048
GRW_00997,SEG_0014
GRW_00998,SEG_0047
GRW_00999,SEG_0010
GRW_01000,SEG_0017
GRW_01001,SEG_0011
GRW_01002,SEG_0012
GRW_01003,SEG_0026
GRW_01004,SEG_0012
GRW_01005,SEG_0045
GRW_01006,SEG_0012
GRW_01007,SEG_0012
GRW_01008,SEG_0050
GRW_01009,SEG_0030
GRW_01010,SEG_0033
GRW_01011,SEG_0035
GRW_01012,SEG_0000
GRW_01013,SEG_0048
GRW_01014,SEG_0010
GRW_01015,SEG_0036
GRW_01016,SEG_0012
GRW_01017,SEG_0024
GRW_01018,SEG_0013
GRW_01019,SEG_0008
GRW_01020,SEG_0012
GRW_01021,SEG_0012
GRW_01022,SEG_0001
GRW_01023,SEG_0036
GRW_01024,SEG_0012
GRW_01025,SEG_0048
GRW_01026,SEG_0049
GRW_01027,SEG_0012
GRW_01028,SEG_0050
GRW_01029,SEG_0045
GRW_01030,SEG_0045
GRW_01031,SEG_0012
GRW_01032,SEG_0012
GRW_01033,SEG_0015
GRW_01034,SEG_0012
GRW_01035,SEG_0003
GRW_01036,SEG_0023
GRW_01037,SEG_0016
GRW_01038,SEG_0009
GRW_01039,SEG_0047
GRW_01040,SEG_0016
GRW_01041,SEG_0045
GRW_01042,SEG_0012
GRW_01043,SEG_0009
GRW_01044,SEG_0049
GRW_01045,SEG_0028
GRW_01046,SEG_0041
GRW_01047,SEG_0001
GRW_01048,SEG_0034
GRW_01049,SEG_0012
GRW_01050,SEG_0015
GRW_01051,SEG_0022
GRW_01052,SEG_0020
GRW_01053,SEG_0030
GRW_01054,SEG_0036
GRW_01055,SEG_0029
GRW_01056,SEG_0011
GRW_01057,SEG_0008
GRW_01058,SEG_0012
GRW_01059,SEG_0040
GRW_01060,SEG_0051
GRW_01061,SEG_0000
GRW_01062,SEG_0012
GRW_01063,SEG_0011
GRW_01064,SEG_0015
GRW_01065,SEG_0012
GRW_01066,SEG_0000
GRW_01067,SEG_0015
GRW_01068,SEG_0037
GRW_01069,SEG_0033
GRW_01070,SEG_0038
GRW_01071,SEG_0000
GRW_01072,SEG_0007
GRW_01073,SEG_0012
GRW_01074,SEG_0009
GRW_01075,SEG_0018
GRW_01076,SEG_0031
GRW_01077,SEG_0009
GRW_01078,SEG_0012
GRW_01079,SEG_0002
GRW_01080,SEG_0012
GRW_01081,SEG_0043
GRW_01082,SEG_0012
GRW_01083,SEG_0023
GRW_01084,SEG_0009
GRW_01085,SEG_0001
GRW_01086,SEG_0012
GRW_01087,SEG_0021
GRW_01088,SEG_0048
GRW_01089,SEG_0022
GRW_01090,SEG_0012
GRW_01091,SEG_0009
GRW_01092,SEG_0005
GRW_01093,SEG_0021
GRW_01094,SEG_0050
GRW_01095,SEG_0012
GRW_01096,SEG_0027
GRW_01097,SEG_0029
GRW_01098,SEG_0008
GRW_01099,SEG_0008
GRW_01100,SEG_0015
GRW_01101,SEG_0009
GRW_01102,SEG_0003
GRW_01103,SEG_0003
GRW_01104,SEG_0019
GRW_01105,SEG_0050
GRW_01106,SEG_0035
GRW_01107,SEG_0031
GRW_01108,SEG_0012
GRW_01109,SEG_0012
GRW_01110,SEG_0004
GRW_01111,SEG_0008
GRW_01112,SEG_0036
GRW_01113,SEG_0012
GRW_01114,SEG_0012
GRW_01115,SEG_0012
GRW_01116,SEG_0035
GRW_01117,SEG_0007
GRW_01118,SEG_0002
GRW_01119,SEG_0007
GRW_01120,SEG_0029
GRW_01121,SEG_0000
GRW_01122,SEG_0026
GRW_01123,SEG_0019
GRW_01124,SEG_0001
GRW_01125,SEG_0012
GRW_01126,SEG_0008
GRW_01127,SEG_0003
GRW_01128,SEG_0012
GRW_01129,SEG_0002
GRW_01130,SEG_0037
GRW_01131,SEG_0030
GRW_01132,SEG_0009
GRW_01133,SEG_0012
GRW_01134,SEG_0046
GRW_01135,SEG_0000
GRW_01136,SEG_0016
GRW_01137,SEG_0004
GRW_01138,SEG_0029
GRW_01139,SEG_0035
GRW_01140,SEG_0003
GRW_01141,SEG_0000
GRW_01142,SEG_0009
GRW_01143,SEG_0031
GRW_01144,SEG_0012
GRW_01145,SEG_0026
GRW_01146,SEG_0002
GRW_01147,SEG_0044
GRW_01148,SEG_0051
GRW_01149,SEG_0033
GRW_01150,SEG_0026
GRW_01151,SEG_0010
GRW_01152,SEG_0015
GRW_01153,SEG_0024
GRW_01154,SEG_0003
GRW_01155,SEG_0008
GRW_01156,SEG_0009
GRW_01157,SEG_0012
GRW_01158,SEG_0036
GRW_01159,SEG_0030
GRW_01160,SEG_0000
GRW_01161,SEG_0012
GRW_01162,SEG_0000
GRW_01163,SEG_0026
GRW_01164,SEG_0019
GRW_01165,SEG_0012
GRW_01166,SEG_0012
GRW_01167,SEG_0042
GRW_01168,SEG_0039
GRW_01169,SEG_0022
GRW_01170,SEG_0003
GRW_01171,SEG_0039
GRW_01172,SEG_0018
GRW_01173,SEG_0002
GRW_01174,SEG_0002
GRW_01175,SEG_0003
GRW_01176,SEG_0002
GRW_01177,SEG_0000
GRW_01178,SEG_0005
GRW_01179,SEG_0009
GRW_01180,SEG_0010
GRW_01181,SEG_0015
GRW_01182,SEG_0032
GRW_01183,SEG_0032
GRW_01184,SEG_0012
GRW_01185,SEG_0009
GRW_01186,SEG_0012
GRW_01187,SEG_0048
GRW_01188,SEG_0009
GRW_01189,SEG_0003
GRW_01190,SEG_0009
GRW_01191,SEG_0024
GRW_01192,SEG_0017
GRW_01193,SEG_0013
GRW_01194,SEG_0020
GRW_01195,SEG_0012
GRW_01196,SEG_0051
GRW_01197,SEG_0009
GRW_01198,SEG_0009
GRW_01199,SEG_0051
GRW_01200,SEG_0019
GRW_01201,SEG_0041
GRW_01202,SEG_0035
GRW_01203,SEG_0031
GRW_01204,SEG_0039
GRW_01205,SEG_0023
GRW_01206,SEG_0045
GRW_01207,SEG_0009
GRW_01208,SEG_0026
GRW_01209,SEG_0012
GRW_01210,SEG_0039
GRW_01211,SEG_0013
GRW_01212,SEG_0045
GRW_01213,SEG_0012
GRW_01214,SEG_0021
GRW_01215,SEG_0006
GRW_01216,SEG_0034
GRW_01217,SEG_0012
GRW_01218,SEG_0005
GRW_01219,SEG_0041
GRW_01220,SEG_0009
GRW_01221,SEG_0032
GRW_01222,SEG_0016
GRW_01223,SEG_0012
GRW_01224,SEG_0005
GRW_01225,SEG_0015
GRW_01226,SEG_0040
GRW_01227,SEG_0012
GRW_01228,SEG_0034
GRW_01229,SEG_0032
GRW_01230,SEG_0031
GRW_01231,SEG_0005
GRW_01232,SEG_0001
GRW_01233,SEG_0014
GRW_01234,SEG_0002
GRW_01235,SEG_0014
GRW_01236,SEG_0046
GRW_01237,SEG_0009
GRW_01238,SEG_0012
GRW_01239,SEG_0026
GRW_01240,SEG_0019
GRW_01241,SEG_0012
GRW_01242,SEG_0051
GRW_01243,SEG_0051
GRW_01244,SEG_0029
GRW_01245,SEG_0007
GRW_01246,SEG_0014
GRW_01247,SEG_0000
GRW_01248,SEG_0009
GRW_01249,SEG_0036
GRW_01250,SEG_0034
GRW_01251,SEG_0048
GRW_01252,SEG_0015
GRW_01253,SEG_0009
GRW_01254,SEG_0005
GRW_01255,SEG_0030
GRW_01256,SEG_0001
GRW_01257,SEG_0012
GRW_01258,SEG_0015
GRW_01259,SEG_0015
GRW_01260,SEG_0014
GRW_01261,SEG_0025
GRW_01262,SEG_0043
GRW_01263,SEG_0000
GRW_01264,SEG_0014
GRW_01265,SEG_0028
GRW_01266,SEG_0026
GRW_01267,SEG_0050
GRW_01268,SEG_0042
GRW_01269,SEG_0012
GRW_01270,SEG_0009
GRW_01271,SEG_0031
GRW_01272,SEG_0002
GRW_01273,SEG_0042
GRW_01274,SEG_0024
GRW_01275,SEG_0038
GRW_01276,SEG_0039
GRW_01277,SEG_0024
GRW_01278,SEG_0017
GRW_01279,SEG_0001
GRW_01280,SEG_0004
GRW_01281,SEG_0002
GRW_01282,SEG_0019
GRW_01283,SEG_0043
GRW_01284,SEG_0024
GRW_01285,SEG_0029
GRW_01286,SEG_0019
GRW_01287,SEG_0015
GRW_01288,SEG_0020
GRW_01289,SEG_0009
GRW_01290,SEG_0033
GRW_01291,SEG_0009
GRW_01292,SEG_0000
GRW_01293,SEG_0012
GRW_01294,SEG_0000
GRW_01295,SEG_0032
GRW_01296,SEG_0027
GRW_01297,SEG_0012
GRW_01298,SEG_0047
GRW_01299,SEG_0032
GRW_01300,SEG_0012
GRW_01301,SEG_0006
GRW_01302,SEG_0009
GRW_01303,SEG_0009
GRW_01304,SEG_0012
GRW_01305,SEG_0012
GRW_01306,SEG_0010
GRW_01307,SEG_0031
GRW_01308,SEG_0020
GRW_01309,SEG_0009
GRW_01310,SEG_0012
GRW_01311,SEG_0045
GRW_01312,SEG_0027
GRW_01313,SEG_0012
GRW_01314,SEG_0000
GRW_01315,SEG_0031
GRW_01316,SEG_0051
GRW_01317,SEG_0012
GRW_01318,SEG_0004
GRW_01319,SEG_0014
GRW_01320,SEG_0047
GRW_01321,SEG_0009
GRW_01322,SEG_0011
GRW_01323,SEG_0039
GRW_01324,SEG_0012
GRW_01325,SEG_0002
GRW_01326,SEG_0009
GRW_01327,SEG_0009
GRW_01328,SEG_0032
GRW_01329,SEG_0026
GRW_01330,SEG_0016
GRW_01331,SEG_0000
GRW_01332,SEG_0001
GRW_01333,SEG_0043
GRW_01334,SEG_0010
GRW_01335,SEG_0039
GRW_01336,SEG_0000
GRW_01337,SEG_0003
GRW_01338,SEG_0009
GRW_01339,SEG_0012
GRW_01340,SEG_0034
GRW_01341,SEG_0047
GRW_01342,SEG_0019
GRW_01343,SEG_0009
GRW_01344,SEG_0013
GRW_01345,SEG_0012
GRW_01346,SEG_0026
GRW_01347,SEG_0043
GRW_01348,SEG_0010
GRW_01349,SEG_0010
GRW_01350,SEG_0037
GRW_01351,SEG_0002
GRW_01352,SEG_0021
GRW_01353,SEG_0020
GRW_01354,SEG_0049
GRW_01355,SEG_0008
GRW_01356,SEG_0042
GRW_01357,SEG_0025
GRW_01358,SEG_0012
GRW_01359,SEG_0047
GRW_01360,SEG_0040
GRW_01361,SEG_0009
GRW_01362,SEG_0009
GRW_01363,SEG_0007
GRW_01364,SEG_0012
GRW_01365,SEG_0003
GRW_01366,SEG_0024
GRW_01367,SEG_0024
GRW_01368,SEG_0000
GRW_01369,SEG_0002
GRW_01370,SEG_0026
GRW_01371,SEG_0012
GRW_01372,SEG_0004
GRW_01373,SEG_0028
GRW_01374,SEG_0030
GRW_01375,SEG_0015
GRW_01376,SEG_0026
GRW_01377,SEG_0017
GRW_01378,SEG_0012
GRW_01379,SEG_0010
GRW_01380,SEG_0047
GRW_01381,SEG_0001
GRW_01382,SEG_0043
GRW_01383,SEG_0002
GRW_01384,SEG_0038
GRW_01385,SEG_0020
GRW_01386,SEG_0029
GRW_01387,SEG_0035
GRW_01388,SEG_0034
GRW_01389,SEG_0009
GRW_01390,SEG_0015
GRW_01391,SEG_0015
GRW_01392,SEG_0012
GRW_01393,SEG_0030
GRW_01394,SEG_0039
GRW_01395,SEG_0012
GRW_01396,SEG_0037
GRW_01397,SEG_0024
GRW_01398,SEG_0002
GRW_01399,SEG_0002
GRW_01400,SEG_0042
GRW_01401,SEG_0000
GRW_01402,SEG_0043
GRW_01403,SEG_0012
GRW_01404,SEG_0005
GRW_01405,SEG_0043
GRW_01406,SEG_0031
GRW_01407,SEG_0017
GRW_01408,SEG_0036
GRW_01409,SEG_0031
GRW_01410,SEG_0001
GRW_01411,SEG_0050
GRW_01412,SEG_0019
GRW_01413,SEG_0024
GRW_01414,SEG_0012
GRW_01415,SEG_0001
GRW_01416,SEG_0029
GRW_01417,SEG_0018
GRW_01418,SEG_0037
GRW_01419,SEG_0018
GRW_01420,SEG_0009
GRW_01421,SEG_0003
GRW_01422,SEG_0045
GRW_01423,SEG_0021
GRW_01424,SEG_0009
GRW_01425,SEG_0025
GRW_01426,SEG_0029
GRW_01427,SEG_0003
GRW_01428,SEG_0000
GRW_01429,SEG_0011
GRW_01430,SEG_0040
GRW_01431,SEG_0012
GRW_01432,SEG_0014
GRW_01433,SEG_0007
GRW_01434,SEG_0012
GRW_01435,SEG_0009
GRW_01436,SEG_0007
GRW_01437,SEG_0049
GRW_01438,SEG_0008
GRW_01439,SEG_0021
GRW_01440,SEG_0025
GRW_01441,SEG_0051
GRW_01442,SEG_0012
GRW_01443,SEG_0001
GRW_01444,SEG_0046
GRW_01445,SEG_0050
GRW_01446,SEG_0011
GRW_01447,SEG_0026
GRW_01448,SEG_0045
GRW_01449,SEG_0014
GRW_01450,SEG_0003
GRW_01451,SEG_0029
GRW_01452,SEG_0030
GRW_01453,SEG_0032
GRW_01454,SEG_0009
GRW_01455,SEG_0009
GRW_01456,SEG_0026
GRW_01457,SEG_0012
GRW_01458,SEG_0003
GRW_01459,SEG_0011
GRW_01460,SEG_0046
GRW_01461,SEG_0010
GRW_01462,SEG_0012
GRW_01463,SEG_0012
GRW_01464,SEG_0047
GRW_01465,SEG_0041
GRW_01466,SEG_0020
GRW_01467,SEG_0043
GRW_01468,SEG_0017
GRW_01469,SEG_0050
GRW_01470,SEG_0047
GRW_01471,SEG_0000
GRW_01472,SEG_0002
GRW_01473,SEG_0045
GRW_01474,SEG_0019
GRW_01475,SEG_0047
GRW_01476,SEG_0004
GRW_01477,SEG_0020
GRW_01478,SEG_0020
GRW_01479,SEG_0003
GRW_01480,SEG_0009
GRW_01481,SEG_0030
GRW_01482,SEG_0012
GRW_01483,SEG_0012
GRW_01484,SEG_0012
GRW_01485,SEG_0040
GRW_01486,SEG_0039
GRW_01487,SEG_0002
GRW_01488,SEG_0012
GRW_01489,SEG_0002
GRW_01490,SEG_0012
GRW_01491,SEG_0044
GRW_01492,SEG_0023
GRW_01493,SEG_0030
GRW_01494,SEG_0028
GRW_01495,SEG_0012
GRW_01496,SEG_0001
GRW_01497,SEG_0036
GRW_01498,SEG_0028
GRW_01499,SEG_0044
GRW_01500,SEG_0024
GRW_01501,SEG_0001
GRW_01502,SEG_0012
GRW_01503,SEG_0009
GRW_01504,SEG_0001
GRW_01505,SEG_0040
GRW_01506,SEG_0015
GRW_01507,SEG_0003
GRW_01508,SEG_0015
GRW_01509,SEG_0043
GRW_01510,SEG_0000
GRW_01511,SEG_0043
GRW_01512,SEG_0042
GRW_01513,SEG_0001
GRW_01514,SEG_0012
GRW_01515,SEG_0015
GRW_01516,SEG_0012
GRW_01517,SEG_0043
GRW_01518,SEG_0000
GRW_01519,SEG_0012
GRW_01520,SEG_0002
GRW_01521,SEG_0019
GRW_01522,SEG_0011
GRW_01523,SEG_0019
GRW_01524,SEG_0023
GRW_01525,SEG_0009
GRW_01526,SEG_0035
GRW_01527,SEG_0046
GRW_01528,SEG_0003
GRW_01529,SEG_0046
GRW_01530,SEG_0010
GRW_01531,SEG_0044
GRW_01532,SEG_0037
GRW_01533,SEG_0010
GRW_01534,SEG_0029
GRW_01535,SEG_0030
GRW_01536,SEG_0010
GRW_01537,SEG_0030
GRW_01538,SEG_0012
GRW_01539,SEG_0028
GRW_01540,SEG_0012
GRW_01541,SEG_0004
GRW_01542,SEG_0026
GRW_01543,SEG_0014
GRW_01544,SEG_0018
GRW_01545,SEG_0002
GRW_01546,SEG_0009
GRW_01547,SEG_0005
GRW_01548,SEG_0045
GRW_01549,SEG_0043
GRW_01550,SEG_0013
GRW_01551,SEG_0026
GRW_01552,SEG_0040
GRW_01553,SEG_0012
GRW_01554,SEG_0014
GRW_01555,SEG_0043
GRW_01556,SEG_0024
GRW_01557,SEG_0017
GRW_01558,SEG_0042
GRW_01559,SEG_0012
GRW_01560,SEG_0043
GRW_01561,SEG_0035
GRW_01562,SEG_0003
GRW_01563,SEG_0014
GRW_01564,SEG_0015
GRW_01565,SEG_0038
GRW_01566,SEG_0017
GRW_01567,SEG_0013
GRW_01568,SEG_0039
GRW_01569,SEG_0012
GRW_01570,SEG_0032
GRW_01571,SEG_0002
GRW_01572,SEG_0012
GRW_01573,SEG_0015
GRW_01574,SEG_0025
GRW_01575,SEG_0003
GRW_01576,SEG_0048
GRW_01577,SEG_0002
GRW_01578,SEG_0012
GRW_01579,SEG_0000
GRW_01580,SEG_0043
GRW_01581,SEG_0006
GRW_01582,SEG_0009
GRW_01583,SEG_0049
GRW_01584,SEG_0027
GRW_01585,SEG_0027
GRW_01586,SEG_0015
GRW_01587,SEG_0001
GRW_01588,SEG_0004
GRW_01589,SEG_0003
GRW_01590,SEG_0001
GRW_01591,SEG_0036
GRW_01592,SEG_0009
GRW_01593,SEG_0014
GRW_01594,SEG_0012
GRW_01595,SEG_0051
GRW_01596,SEG_0001
GRW_01597,SEG_0003
GRW_01598,SEG_0021
GRW_01599,SEG_0007
GRW_01600,SEG_0013
GRW_01601,SEG_0039
GRW_01602,SEG_0034
GRW_01603,SEG_0012
GRW_01604,SEG_0006
GRW_01605,SEG_0047
GRW_01606,SEG_0022
GRW_01607,SEG_0013
GRW_01608,SEG_0000
GRW_01609,SEG_0012
GRW_01610,SEG_0034
GRW_01611,SEG_0003
GRW_01612,SEG_0051
GRW_01613,SEG_0034
GRW_01614,SEG_0000
GRW_01615,SEG_0012
GRW_01616,SEG_0043
GRW_01617,SEG_0015
GRW_01618,SEG_0023
GRW_01619,SEG_0015
GRW_01620,SEG_0042
GRW_01621,SEG_0001
GRW_01622,SEG_0032
GRW_01623,SEG_0001
GRW_01624,SEG_0001
GRW_01625,SEG_0009
GRW_01626,SEG_0000
GRW_01627,SEG_0012
GRW_01628,SEG_0022
GRW_01629,SEG_0000
GRW_01630,SEG_0050
GRW_01631,SEG_0009
GRW_01632,SEG_0031
GRW_01633,SEG_0051
GRW_01634,SEG_0014
GRW_01635,SEG_0000
GRW_01636,SEG_0028
GRW_01637,SEG_0025
GRW_01638,SEG_0033
GRW_01639,SEG_0024
GRW_01640,SEG_0019
GRW_01641,SEG_0026
GRW_01642,SEG_0041
GRW_01643,SEG_0009
GRW_01644,SEG_0002
GRW_01645,SEG_0012
GRW_01646,SEG_0027
GRW_01647,SEG_0009
GRW_01648,SEG_0014
GRW_01649,SEG_0001
GRW_01650,SEG_0006
GRW_01651,SEG_0026
GRW_01652,SEG_0029
GRW_01653,SEG_0017
GRW_01654,SEG_0051
GRW_01655,SEG_0047
GRW_01656,SEG_0003
GRW_01657,SEG_0026
GRW_01658,SEG_0045
GRW_01659,SEG_0007
GRW_01660,SEG_0045
GRW_01661,SEG_0003
GRW_01662,SEG_0009
GRW_01663,SEG_0012
GRW_01664,SEG_0047
GRW_01665,SEG_0046
GRW_01666,SEG_0003
GRW_01667,SEG_0004
GRW_01668,SEG_0012
GRW_01669,SEG_0012
GRW_01670,SEG_0029
GRW_01671,SEG_0039
GRW_01672,SEG_0009
GRW_01673,SEG_0012
GRW_01674,SEG_0014
GRW_01675,SEG_0009
GRW_01676,SEG_0012
GRW_01677,SEG_0051
GRW_01678,SEG_0029
GRW_01679,SEG_0030
GRW_01680,SEG_0030
GRW_01681,SEG_0032
GRW_01682,SEG_0013
GRW_01683,SEG_0003
GRW_01684,SEG_0025
GRW_01685,SEG_0023
GRW_01686,SEG_0026
GRW_01687,SEG_0010
GRW_01688,SEG_0012
GRW_01689,SEG_0029
GRW_01690,SEG_0043
GRW_01691,SEG_0045
GRW_01692,SEG_0012
GRW_01693,SEG_0002
GRW_01694,SEG_0036
GRW_01695,SEG_0007
GRW_01696,SEG_0015
GRW_01697,SEG_0012
GRW_01698,SEG_0015
GRW_01699,SEG_0041
GRW_01700,SEG_0035
GRW_01701,SEG_0031
GRW_01702,SEG_0045
GRW_01703,SEG_0047
GRW_01704,SEG_0025
GRW_01705,SEG_0014
GRW_01706,SEG_0004
GRW_01707,SEG_0002
GRW_01708,SEG_0002
GRW_01709,SEG_0045
GRW_01710,SEG_0001
GRW_01711,SEG_0012
GRW_01712,SEG_0012
GRW_01713,SEG_0015
GRW_01714,SEG_0003
GRW_01715,SEG_0009
GRW_01716,SEG_0022
GRW_01717,SEG_0023
GRW_01718,SEG_0005
GRW_01719,SEG_0014
GRW_01720,SEG_0023
GRW_01721,SEG_0035
GRW_01722,SEG_0043
GRW_01723,SEG_0044
GRW_01724,SEG_0012
GRW_01725,SEG_0046
GRW_01726,SEG_0000
GRW_01727,SEG_0012
GRW_01728,SEG_0034
GRW_01729,SEG_0048
GRW_01730,SEG_0033
GRW_01731,SEG_0004
GRW_01732,SEG_0007
GRW_01733,SEG_0031
GRW_01734,SEG_0035
GRW_01735,SEG_0001
GRW_01736,SEG_0001
GRW_01737,SEG_0010
GRW_01738,SEG_0051
GRW_01739,SEG_0012
GRW_01740,SEG_0024
GRW_01741,SEG_0029
GRW_01742,SEG_0012
GRW_01743,SEG_0050
GRW_01744,SEG_0012
GRW_01745,SEG_0035
GRW_01746,SEG_0049
GRW_01747,SEG_0003
GRW_01748,SEG_0043
GRW_01749,SEG_0001
GRW_01750,SEG_0011
GRW_01751,SEG_0012
GRW_01752,SEG_0013
GRW_01753,SEG_0033
GRW_01754,SEG_0009
GRW_01755,SEG_0012
GRW_01756,SEG_0046
GRW_01757,SEG_0012
GRW_01758,SEG_0007
GRW_01759,SEG_0027
GRW_01760,SEG_0009
GRW_01761,SEG_0047
GRW_01762,SEG_0043
GRW_01763,SEG_0025
GRW_01764,SEG_0015
GRW_01765,SEG_0034
GRW_01766,SEG_0033
GRW_01767,SEG_0004
GRW_01768,SEG_0007
GRW_01769,SEG_0009
GRW_01770,SEG_0009
GRW_01771,SEG_0012
GRW_01772,SEG_0009
GRW_01773,SEG_0024
GRW_01774,SEG_0012
GRW_01775,SEG_0021
GRW_01776,SEG_0047
GRW_01777,SEG_0006
GRW_01778,SEG_0019
GRW_01779,SEG_0037
GRW_01780,SEG_0020
GRW_01781,SEG_0010
GRW_01782,SEG_0030
GRW_01783,SEG_0044
GRW_01784,SEG_0034
GRW_01785,SEG_0028
GRW_01786,SEG_0047
GRW_01787,SEG_0027
GRW_01788,SEG_0012
GRW_01789,SEG_0039
GRW_01790,SEG_0020
GRW_01791,SEG_0015
GRW_01792,SEG_0016
GRW_01793,SEG_0004
GRW_01794,SEG_0010
GRW_01795,SEG_0032
GRW_01796,SEG_0003
GRW_01797,SEG_0012
GRW_01798,SEG_0043
GRW_01799,SEG_0026
GRW_01800,SEG_0009
GRW_01801,SEG_0000
GRW_01802,SEG_0000
GRW_01803,SEG_0012
GRW_01804,SEG_0012
GRW_01805,SEG_0004
GRW_01806,SEG_0009
GRW_01807,SEG_0040
GRW_01808,SEG_0015
GRW_01809,SEG_0017
GRW_01810,SEG_0003
GRW_01811,SEG_0002
GRW_01812,SEG_0050
GRW_01813,SEG_0038
GRW_01814,SEG_0008
GRW_01815,SEG_0000
GRW_01816,SEG_0047
GRW_01817,SEG_0047
GRW_01818,SEG_0011
GRW_01819,SEG_0012
GRW_01820,SEG_0045
GRW_01821,SEG_0009
GRW_01822,SEG_0029
GRW_01823,SEG_0002
GRW_01824,SEG_0028
GRW_01825,SEG_0051
GRW_01826,SEG_0044
GRW_01827,SEG_0016
GRW_01828,SEG_0010
GRW_01829,SEG_0047
GRW_01830,SEG_0012
GRW_01831,SEG_0012
GRW_01832,SEG_0049
GRW_01833,SEG_0003
GRW_01834,SEG_0044
GRW_01835,SEG_0026
GRW_01836,SEG_0040
GRW_01837,SEG_0012
GRW_01838,SEG_0046
GRW_01839,SEG_0000
GRW_01840,SEG_0028
GRW_01841,SEG_0002
GRW_01842,SEG_0012
GRW_01843,SEG_0028
GRW_01844,SEG_0034
GRW_01845,SEG_0017
GRW_01846,SEG_0048
GRW_01847,SEG_0047
GRW_01848,SEG_0012
GRW_01849,SEG_0048
GRW_01850,SEG_0012
GRW_01851,SEG_0048
GRW_01852,SEG_0019
GRW_01853,SEG_0005
GRW_01854,SEG_0050
GRW_01855,SEG_0014
GRW_01856,SEG_0039
GRW_01857,SEG_0015
GRW_01858,SEG_0010
GRW_01859,SEG_0029
GRW_01860,SEG_0012
GRW_01861,SEG_0026
GRW_01862,SEG_0046
GRW_01863,SEG_0050
GRW_01864,SEG_0049
GRW_01865,SEG_0012
GRW_01866,SEG_0013
GRW_01867,SEG_0028
GRW_01868,SEG_0012
GRW_01869,SEG_0007
GRW_01870,SEG_0012
GRW_01871,SEG_0027
GRW_01872,SEG_0009
GRW_01873,SEG_0026
GRW_01874,SEG_0012
GRW_01875,SEG_0025
GRW_01876,SEG_0000
GRW_01877,SEG_0009
GRW_01878,SEG_0001
GRW_01879,SEG_0012
GRW_01880,SEG_0001
GRW_01881,SEG_0012
GRW_01882,SEG_0012
GRW_01883,SEG_0043
GRW_01884,SEG_0015
GRW_01885,SEG_0047
GRW_01886,SEG_0009
GRW_01887,SEG_0011
GRW_01888,SEG_0047
GRW_01889,SEG_0001
GRW_01890,SEG_0003
GRW_01891,SEG_0010
GRW_01892,SEG_0000
GRW_01893,SEG_0009
GRW_01894,SEG_0002
GRW_01895,SEG_0028
GRW_01896,SEG_0038
GRW_01897,SEG_0003
GRW_01898,SEG_0009
GRW_01899,SEG_0045
GRW_01900,SEG_0009
GRW_01901,SEG_0049
GRW_01902,SEG_0043
GRW_01903,SEG_0012
GRW_01904,SEG_0012
GRW_01905,SEG_0028
GRW_01906,SEG_0024
GRW_01907,SEG_0030
GRW_01908,SEG_0030
GRW_01909,SEG_0039
GRW_01910,SEG_0044
GRW_01911,SEG_0001
GRW_01912,SEG_0012
GRW_01913,SEG_0038
GRW_01914,SEG_0012
GRW_01915,SEG_0051
GRW_01916,SEG_0007
GRW_01917,SEG_0035
GRW_01918,SEG_0007
GRW_01919,SEG_0017
GRW_01920,SEG_0009
GRW_01921,SEG_0043
GRW_01922,SEG_0043
GRW_01923,SEG_0009
GRW_01924,SEG_0030
GRW_01925,SEG_0015
GRW_01926,SEG_0001
GRW_01927,SEG_0051
GRW_01928,SEG_0044
GRW_01929,SEG_0012
GRW_01930,SEG_0030
GRW_01931,SEG_0045
GRW_01932,SEG_0049
GRW_01933,SEG_0004
GRW_01934,SEG_0003
GRW_01935,SEG_0034
GRW_01936,SEG_0012
GRW_01937,SEG_0012
GRW_01938,SEG_0001
GRW_01939,SEG_0028
GRW_01940,SEG_0051
GRW_01941,SEG_0002
GRW_01942,SEG_0048
GRW_01943,SEG_0009
GRW_01944,SEG_0036
GRW_01945,SEG_0010
GRW_01946,SEG_0027
GRW_01947,SEG_0012
GRW_01948,SEG_0026
GRW_01949,SEG_0022
GRW_01950,SEG_0002
GRW_01951,SEG_0029
GRW_01952,SEG_0017
GRW_01953,SEG_0007
GRW_01954,SEG_0000
GRW_01955,SEG_0012
GRW_01956,SEG_0000
GRW_01957,SEG_0038
GRW_01958,SEG_0009
GRW_01959,SEG_0022
GRW_01960,SEG_0031
GRW_01961,SEG_0049
GRW_01962,SEG_0037
GRW_01963,SEG_0000
GRW_01964,SEG_0001
GRW_01965,SEG_0000
GRW_01966,SEG_0003
GRW_01967,SEG_0012
GRW_01968,SEG_0010
GRW_01969,SEG_0009
GRW_01970,SEG_0003
GRW_01971,SEG_0048
GRW_01972,SEG_0003
GRW_01973,SEG_0014
GRW_01974,SEG_0048
GRW_01975,SEG_0030
GRW_01976,SEG_0012
GRW_01977,SEG_0009
GRW_01978,SEG_0037
GRW_01979,SEG_0012
GRW_01980,SEG_0009
GRW_01981,SEG_0016
GRW_01982,SEG_0014
GRW_01983,SEG_0031
GRW_01984,SEG_0000
GRW_01985,SEG_0026
GRW_01986,SEG_0000
GRW_01987,SEG_0011
GRW_01988,SEG_0010
GRW_01989,SEG_0018
GRW_01990,SEG_0002
GRW_01991,SEG_0006
GRW_01992,SEG_0012
GRW_01993,SEG_0034
GRW_01994,SEG_0015
GRW_01995,SEG_0010
GRW_01996,SEG_0000
GRW_01997,SEG_0051
GRW_01998,SEG_0009
GRW_01999,SEG_0034
GRW_02000,SEG_0023
GRW_02001,SEG_0032
GRW_02002,SEG_0012
GRW_02003,SEG_0014
GRW_02004,SEG_0011
GRW_02005,SEG_0013
GRW_02006,SEG_0013
GRW_02007,SEG_0015
GRW_02008,SEG_0033
GRW_02009,SEG_0012
GRW_02010,SEG_0009
GRW_02011,SEG_0035
GRW_02012,SEG_0012
GRW_02013,SEG_0012
GRW_02014,SEG_0043
GRW_02015,SEG_0009
GRW_02016,SEG_0002
GRW_02017,SEG_0034
GRW_02018,SEG_0004
GRW_02019,SEG_0000
GRW_02020,SEG_0012
GRW_02021,SEG_0047
GRW_02022,SEG_0004
GRW_02023,SEG_0035
GRW_02024,SEG_0012
GRW_02025,SEG_0014
GRW_02026,SEG_0009
GRW_02027,SEG_0010
GRW_02028,SEG_0028
GRW_02029,SEG_0010
GRW_02030,SEG_0046
GRW_02031,SEG_0036
GRW_02032,SEG_0004
GRW_02033,SEG_0046
GRW_02034,SEG_0043
GRW_02035,SEG_0009
GRW_02036,SEG_0012
GRW_02037,SEG_0009
GRW_02038,SEG_0027
GRW_02039,SEG_0044
GRW_02040,SEG_0027
GRW_02041,SEG_0008
GRW_02042,SEG_0009
GRW_02043,SEG_0024
GRW_02044,SEG_0041
GRW_02045,SEG_0041
GRW_02046,SEG_0037
GRW_02047,SEG_0026
GRW_02048,SEG_0003
GRW_02049,SEG_0028
GRW_02050,SEG_0001
GRW_02051,SEG_0009
GRW_02052,SEG_0041
GRW_02053,SEG_0049
GRW_02054,SEG_0000
GRW_02055,SEG_0009
GRW_02056,SEG_0037
GRW_02057,SEG_0009
GRW_02058,SEG_0028
GRW_02059,SEG_0012
GRW_02060,SEG_0012
GRW_02061,SEG_0017
GRW_02062,SEG_0012
GRW_02063,SEG_0023
GRW_02064,SEG_0026
GRW_02065,SEG_0018
GRW_02066,SEG_0034
GRW_02067,SEG_0050
GRW_02068,SEG_0042
GRW_02069,SEG_0048
GRW_02070,SEG_0045
GRW_02071,SEG_0032
GRW_02072,SEG_0012
GRW_02073,SEG_0010
GRW_02074,SEG_0029
GRW_02075,SEG_0042
GRW_02076,SEG_0010
GRW_02077,SEG_0044
GRW_02078,SEG_0042
GRW_02079,SEG_0037
GRW_02080,SEG_0043
GRW_02081,SEG_0004
GRW_02082,SEG_0048
GRW_02083,SEG_0012
GRW_02084,SEG_0001
GRW_02085,SEG_0003
GRW_02086,SEG_0003
GRW_02087,SEG_0009
GRW_02088,SEG_0012
GRW_02089,SEG_0000
GRW_02090,SEG_0012
GRW_02091,SEG_0006
GRW_02092,SEG_0021
GRW_02093,SEG_0012
GRW_02094,SEG_0009
GRW_02095,SEG_0040
GRW_02096,SEG_0030
GRW_02097,SEG_0022
GRW_02098,SEG_0012
GRW_02099,SEG_0009
GRW_02100,SEG_0025
GRW_02101,SEG_0036
GRW_02102,SEG_0030
GRW_02103,SEG_0026
GRW_02104,SEG_0043
GRW_02105,SEG_0008
GRW_02106,SEG_0024
GRW_02107,SEG_0032
GRW_02108,SEG_0001
GRW_02109,SEG_0019
GRW_02110,SEG_0022
GRW_02111,SEG_0025
GRW_02112,SEG_0031
GRW_02113,SEG_0015
GRW_02114,SEG_0009
GRW_02115,SEG_0009
GRW_02116,SEG_0004
GRW_02117,SEG_0003
GRW_02118,SEG_0009
GRW_02119,SEG_0044
GRW_02120,SEG_0045
GRW_02121,SEG_0035
GRW_02122,SEG_0033
GRW_02123,SEG_0002
GRW_02124,SEG_0047
GRW_02125,SEG_0027
GRW_02126,SEG_0031
GRW_02127,SEG_0003
GRW_02128,SEG_0003
GRW_02129,SEG_0047
GRW_02130,SEG_0011
GRW_02131,SEG_0002
GRW_02132,SEG_0036
GRW_02133,SEG_0005
GRW_02134,SEG_0033
GRW_02135,SEG_0039
GRW_02136,SEG_0014
GRW_02137,SEG_0001
GRW_02138,SEG_0009
GRW_02139,SEG_0015
GRW_02140,SEG_0002
GRW_02141,SEG_0012
GRW_02142,SEG_0012
GRW_02143,SEG_0015
GRW_02144,SEG_0012
GRW_02145,SEG_0002
GRW_02146,SEG_0045
GRW_02147,SEG_0020
GRW_02148,SEG_0012
GRW_02149,SEG_0003
GRW_02150,SEG_0012
GRW_02151,SEG_0011
GRW_02152,SEG_0027
GRW_02153,SEG_0030
GRW_02154,SEG_0035
GRW_02155,SEG_0001
GRW_02156,SEG_0009
GRW_02157,SEG_0051
GRW_02158,SEG_0047
GRW_02159,SEG_0018
GRW_02160,SEG_0013
GRW_02161,SEG_0003
GRW_02162,SEG_0027
GRW_02163,SEG_0006
GRW_02164,SEG_0050
GRW_02165,SEG_0047
GRW_02166,SEG_0016
GRW_02167,SEG_0010
GRW_02168,SEG_0002
GRW_02169,SEG_0012
GRW_02170,SEG_0022
GRW_02171,SEG_0010
GRW_02172,SEG_0003
GRW_02173,SEG_0012
GRW_02174,SEG_0037
GRW_02175,SEG_0051
GRW_02176,SEG_0030
GRW_02177,SEG_0000
GRW_02178,SEG_0009
GRW_02179,SEG_0007
GRW_02180,SEG_0044
GRW_02181,SEG_0031
GRW_02182,SEG_0009
GRW_02183,SEG_0012
GRW_02184,SEG_0034
GRW_02185,SEG_0031
GRW_02186,SEG_0012
GRW_02187,SEG_0030
GRW_02188,SEG_0011
GRW_02189,SEG_0001
GRW_02190,SEG_0012
GRW_02191,SEG_0010
GRW_02192,SEG_0006
GRW_02193,SEG_0023
GRW_02194,SEG_0012
GRW_02195,SEG_0046
GRW_02196,SEG_0043
GRW_02197,SEG_0040
GRW_02198,SEG_0012
GRW_02199,SEG_0002
GRW_02200,SEG_0004
GRW_02201,SEG_0042
GRW_02202,SEG_0015
GRW_02203,SEG_0019
GRW_02204,SEG_0022
GRW_02205,SEG_0043
GRW_02206,SEG_0030
GRW_02207,SEG_0002
GRW_02208,SEG_0012
GRW_02209,SEG_0024
GRW_02210,SEG_0004
GRW_02211,SEG_0033
GRW_02212,SEG_0048
GRW_02213,SEG_0046
GRW_02214,SEG_0000
GRW_02215,SEG_0046
GRW_02216,SEG_0009
GRW_02217,SEG_0022
GRW_02218,SEG_0012
GRW_02219,SEG_0012
GRW_02220,SEG_0035
GRW_02221,SEG_0009
GRW_02222,SEG_0030
GRW_02223,SEG_0010
GRW_02224,SEG_0043
GRW_02225,SEG_0006
GRW_02226,SEG_0015
GRW_02227,SEG_0047
GRW_02228,SEG_0012
GRW_02229,SEG_0012
GRW_02230,SEG_0042
GRW_02231,SEG_0001
GRW_02232,SEG_0016
GRW_02233,SEG_0003
GRW_02234,SEG_0026
GRW_02235,SEG_0022
GRW_02236,SEG_0014
GRW_02237,SEG_0001
GRW_02238,SEG_0023
GRW_02239,SEG_0032
GRW_02240,SEG_0001
GRW_02241,SEG_0051
GRW_02242,SEG_0019
GRW_02243,SEG_0027
GRW_02244,SEG_0005
GRW_02245,SEG_0014
GRW_02246,SEG_0000
GRW_02247,SEG_0022
GRW_02248,SEG_0014
GRW_02249,SEG_0000
GRW_02250,SEG_0026
GRW_02251,SEG_0012
GRW_02252,SEG_0040
GRW_02253,SEG_0009
GRW_02254,SEG_0042
GRW_02255,SEG_0003
GRW_02256,SEG_0012
GRW_02257,SEG_0000
GRW_02258,SEG_0008
GRW_02259,SEG_0003
GRW_02260,SEG_0009
GRW_02261,SEG_0009
GRW_02262,SEG_0001
GRW_02263,SEG_0032
GRW_02264,SEG_0010
GRW_02265,SEG_0049
GRW_02266,SEG_0027
GRW_02267,SEG_0017
GRW_02268,SEG_0003
GRW_02269,SEG_0003
GRW_02270,SEG_0003
GRW_02271,SEG_0015
GRW_02272,SEG_0029
GRW_02273,SEG_0013
GRW_02274,SEG_0035
GRW_02275,SEG_0013
GRW_02276,SEG_0003
GRW_02277,SEG_0038
GRW_02278,SEG_0043
GRW_02279,SEG_0051
GRW_02280,SEG_0014
GRW_02281,SEG_0012
GRW_02282,SEG_0002
GRW_02283,SEG_0009
GRW_02284,SEG_0001
GRW_02285,SEG_0050
GRW_02286,SEG_0012
GRW_02287,SEG_0009
GRW_02288,SEG_0047
GRW_02289,SEG_0014
GRW_02290,SEG_0047
GRW_02291,SEG_0008
GRW_02292,SEG_0047
GRW_02293,SEG_0014
GRW_02294,SEG_0009
GRW_02295,SEG_0015
GRW_02296,SEG_0033
GRW_02297,SEG_0041
GRW_02298,SEG_0038
GRW_02299,SEG_0022
GRW_02300,SEG_0042
GRW_02301,SEG_0015
GRW_02302,SEG_0000
GRW_02303,SEG_0047
GRW_02304,SEG_0012
GRW_02305,SEG_0012
GRW_02306,SEG_0026
GRW_02307,SEG_0009
GRW_02308,SEG_0025
GRW_02309,SEG_0032
GRW_02310,SEG_0012
GRW_02311,SEG_0012
GRW_02312,SEG_0009
GRW_02313,SEG_0021
GRW_02314,SEG_0013
GRW_02315,SEG_0031
GRW_02316,SEG_0041
GRW_02317,SEG_0028
GRW_02318,SEG_0044
GRW_02319,SEG_0040
GRW_02320,SEG_0009
GRW_02321,SEG_0045
GRW_02322,SEG_0026
GRW_02323,SEG_0040
GRW_02324,SEG_0041
GRW_02325,SEG_0021
GRW_02326,SEG_0000
GRW_02327,SEG_0014
GRW_02328,SEG_0003
GRW_02329,SEG_0013
GRW_02330,SEG_0037
GRW_02331,SEG_0048
GRW_02332,SEG_0000
GRW_02333,SEG_0012
GRW_02334,SEG_0009
GRW_02335,SEG_0047
GRW_02336,SEG_0012
GRW_02337,SEG_0015
GRW_02338,SEG_0012
GRW_02339,SEG_0033
GRW_02340,SEG_0015
GRW_02341,SEG_0015
GRW_02342,SEG_0050
GRW_02343,SEG_0051
GRW_02344,SEG_0012
GRW_02345,SEG_0002
GRW_02346,SEG_0026
GRW_02347,SEG_0038
GRW_02348,SEG_0031
GRW_02349,SEG_0022
GRW_02350,SEG_0040
GRW_02351,SEG_0012
GRW_02352,SEG_0047
GRW_02353,SEG_0006
GRW_02354,SEG_0009
GRW_02355,SEG_0034
GRW_02356,SEG_0003
GRW_02357,SEG_0021
GRW_02358,SEG_0002
GRW_02359,SEG_0015
GRW_02360,SEG_0012
GRW_02361,SEG_0012
GRW_02362,SEG_0010
GRW_02363,SEG_0046
GRW_02364,SEG_0037
GRW_02365,SEG_0023
GRW_02366,SEG_0022
GRW_02367,SEG_0012
GRW_02368,SEG_0051
GRW_02369,SEG_0038
GRW_02370,SEG_0009
GRW_02371,SEG_0009
GRW_02372,SEG_0012
GRW_02373,SEG_0022
GRW_02374,SEG_0005
GRW_02375,SEG_0046
GRW_02376,SEG_0012
GRW_02377,SEG_0013
GRW_02378,SEG_0009
GRW_02379,SEG_0035
GRW_02380,SEG_0018
GRW_02381,SEG_0001
GRW_02382,SEG_0041
GRW_02383,SEG_0012
GRW_02384,SEG_0032
GRW_02385,SEG_0001
GRW_02386,SEG_0042
GRW_02387,SEG_0049
GRW_02388,SEG_0009
GRW_02389,SEG_0001
GRW_02390,SEG_0016
GRW_02391,SEG_0001
GRW_02392,SEG_0003
GRW_02393,SEG_0007
GRW_02394,SEG_0015
GRW_02395,SEG_0012
GRW_02396,SEG_0006
GRW_02397,SEG_0048
GRW_02398,SEG_0044
GRW_02399,SEG_0012
GRW_02400,SEG_0009
GRW_02401,SEG_0009
GRW_02402,SEG_0003
GRW_02403,SEG_0003
GRW_02404,SEG_0040
GRW_02405,SEG_0006
GRW_02406,SEG_0051
GRW_02407,SEG_0012
GRW_02408,SEG_0012
GRW_02409,SEG_0029
GRW_02410,SEG_0010
GRW_02411,SEG_0038
GRW_02412,SEG_0037
GRW_02413,SEG_0011
GRW_02414,SEG_0012
GRW_02415,SEG_0007
GRW_02416,SEG_0012
GRW_02417,SEG_0009
GRW_02418,SEG_0000
GRW_02419,SEG_0024
GRW_02420,SEG_0009
GRW_02421,SEG_0007
GRW_02422,SEG_0012
GRW_02423,SEG_0050
GRW_02424,SEG_0014
GRW_02425,SEG_0022
GRW_02426,SEG_0016
GRW_02427,SEG_0024
GRW_02428,SEG_0013
GRW_02429,SEG_0012
GRW_02430,SEG_0048
GRW_02431,SEG_0029
GRW_02432,SEG_0047
GRW_02433,SEG_0025
GRW_02434,SEG_0041
GRW_02435,SEG_0046
GRW_02436,SEG_0048
GRW_02437,SEG_0031
GRW_02438,SEG_0034
GRW_02439,SEG_0003
GRW_02440,SEG_0014
GRW_02441,SEG_0018
GRW_02442,SEG_0009
GRW_02443,SEG_0010
GRW_02444,SEG_0000
GRW_02445,SEG_0051
GRW_02446,SEG_0041
GRW_02447,SEG_0026
GRW_02448,SEG_0009
GRW_02449,SEG_0012
GRW_02450,SEG_0011
GRW_02451,SEG_0014
GRW_02452,SEG_0003
GRW_02453,SEG_0012
GRW_02454,SEG_0018
GRW_02455,SEG_0003
GRW_02456,SEG_0043
GRW_02457,SEG_0034
GRW_02458,SEG_0012
GRW_02459,SEG_0012
GRW_02460,SEG_0005
GRW_02461,SEG_0015
GRW_02462,SEG_0000
GRW_02463,SEG_0042
GRW_02464,SEG_0025
GRW_02465,SEG_0000
GRW_02466,SEG_0000
GRW_02467,SEG_0014
GRW_02468,SEG_0027
GRW_02469,SEG_0041
GRW_02470,SEG_0012
GRW_02471,SEG_0009
GRW_02472,SEG_0048
GRW_02473,SEG_0033
GRW_02474,SEG_0009
GRW_02475,SEG_0009
GRW_02476,SEG_0012
GRW_02477,SEG_0045
GRW_02478,SEG_0006
GRW_02479,SEG_0000
GRW_02480,SEG_0047
GRW_02481,SEG_0020
GRW_02482,SEG_0003
GRW_02483,SEG_0017
GRW_02484,SEG_0023
GRW_02485,SEG_0012
GRW_02486,SEG_0049
GRW_02487,SEG_0037
GRW_02488,SEG_0045
GRW_02489,SEG_0049
GRW_02490,SEG_0017
GRW_02491,SEG_0009
GRW_02492,SEG_0048
GRW_02493,SEG_0012
GRW_02494,SEG_0045
GRW_02495,SEG_0017
GRW_02496,SEG_0044
GRW_02497,SEG_0015
GRW_02498,SEG_0012
GRW_02499,SEG_0000
GRW_02500,SEG_0049
GRW_02501,SEG_0001
GRW_02502,SEG_0003
GRW_02503,SEG_0010
GRW_02504,SEG_0019
GRW_02505,SEG_0007
GRW_02506,SEG_0010
GRW_02507,SEG_0012
GRW_02508,SEG_0046
GRW_02509,SEG_0027
GRW_02510,SEG_0019
GRW_02511,SEG_0026
GRW_02512,SEG_0018
GRW_02513,SEG_0012
GRW_02514,SEG_0027
GRW_02515,SEG_0034
GRW_02516,SEG_0044
GRW_02517,SEG_0009
GRW_02518,SEG_0049
GRW_02519,SEG_0012
GRW_02520,SEG_0012
GRW_02521,SEG_0009
GRW_02522,SEG_0026
GRW_02523,SEG_0048
GRW_02524,SEG_0012
GRW_02525,SEG_0029
GRW_02526,SEG_0007
GRW_02527,SEG_0041
GRW_02528,SEG_0007
GRW_02529,SEG_0009
GRW_02530,SEG_0050
GRW_02531,SEG_0012
GRW_02532,SEG_0049
GRW_02533,SEG_0015
GRW_02534,SEG_0000
GRW_02535,SEG_0009
GRW_02536,SEG_0012
GRW_02537,SEG_0014
GRW_02538,SEG_0010
GRW_02539,SEG_0048
GRW_02540,SEG_0010
GRW_02541,SEG_0009
GRW_02542,SEG_0014
GRW_02543,SEG_0020
GRW_02544,SEG_0012
GRW_02545,SEG_0017
GRW_02546,SEG_0049
GRW_02547,SEG_0036
GRW_02548,SEG_0039
GRW_02549,SEG_0019
GRW_02550,SEG_0042
GRW_02551,SEG_0048
GRW_02552,SEG_0021
GRW_02553,SEG_0003
GRW_02554,SEG_0045
GRW_02555,SEG_0000
GRW_02556,SEG_0048
GRW_02557,SEG_0040
GRW_02558,SEG_0024
GRW_02559,SEG_0024
GRW_02560,SEG_0000
GRW_02561,SEG_0001
GRW_02562,SEG_0012
GRW_02563,SEG_0012
GRW_02564,SEG_0031
GRW_02565,SEG_0019
GRW_02566,SEG_0033
GRW_02567,SEG_0040
GRW_02568,SEG_0015
GRW_02569,SEG_0042
GRW_02570,SEG_0012
GRW_02571,SEG_0012
GRW_02572,SEG_0022
GRW_02573,SEG_0049
GRW_02574,SEG_0043
GRW_02575,SEG_0012
GRW_02576,SEG_0003
GRW_02577,SEG_0000
GRW_02578,SEG_0022
GRW_02579,SEG_0002
GRW_02580,SEG_0039
GRW_02581,SEG_0043
GRW_02582,SEG_0043
GRW_02583,SEG_0002
GRW_02584,SEG_0012
GRW_02585,SEG_0003
GRW_02586,SEG_0029
GRW_02587,SEG_0039
GRW_02588,SEG_0047
GRW_02589,SEG_0049
GRW_02590,SEG_0007
GRW_02591,SEG_0011
GRW_02592,SEG_0031
GRW_02593,SEG_0045
GRW_02594,SEG_0012
GRW_02595,SEG_0030
GRW_02596,SEG_0016
GRW_02597,SEG_0026
GRW_02598,SEG_0039
GRW_02599,SEG_0012
GRW_02600,SEG_0049
GRW_02601,SEG_0024
GRW_02602,SEG_0043
GRW_02603,SEG_0046
GRW_02604,SEG_0047
GRW_02605,SEG_0000
GRW_02606,SEG_0010
GRW_02607,SEG_0022
GRW_02608,SEG_0002
GRW_02609,SEG_0035
GRW_02610,SEG_0017
GRW_02611,SEG_0009
GRW_02612,SEG_0012
GRW_02613,SEG_0000
GRW_02614,SEG_0019
GRW_02615,SEG_0012
GRW_02616,SEG_0001
GRW_02617,SEG_0007
GRW_02618,SEG_0037
GRW_02619,SEG_0009
GRW_02620,SEG_0043
GRW_02621,SEG_0042
GRW_02622,SEG_0021
GRW_02623,SEG_0012
GRW_02624,SEG_0012
GRW_02625,SEG_0009
GRW_02626,SEG_0028
GRW_02627,SEG_0002
GRW_02628,SEG_0001
GRW_02629,SEG_0009
GRW_02630,SEG_0012
GRW_02631,SEG_0047
GRW_02632,SEG_0003
GRW_02633,SEG_0022
GRW_02634,SEG_0012
GRW_02635,SEG_0024
GRW_02636,SEG_0011
GRW_02637,SEG_0018
GRW_02638,SEG_0040
GRW_02639,SEG_0042
GRW_02640,SEG_0015
GRW_02641,SEG_0026
GRW_02642,SEG_0012
GRW_02643,SEG_0031
GRW_02644,SEG_0020
GRW_02645,SEG_0005
GRW_02646,SEG_0034
GRW_02647,SEG_0015
GRW_02648,SEG_0012
GRW_02649,SEG_0009
GRW_02650,SEG_0009
GRW_02651,SEG_0035
GRW_02652,SEG_0012
GRW_02653,SEG_0017
GRW_02654,SEG_0031
GRW_02655,SEG_0019
GRW_02656,SEG_0002
GRW_02657,SEG_0051
GRW_02658,SEG_0012
GRW_02659,SEG_0029
GRW_02660,SEG_0026
GRW_02661,SEG_0023
GRW_02662,SEG_0036
GRW_02663,SEG_0022
GRW_02664,SEG_0002
GRW_02665,SEG_0002
GRW_02666,SEG_0045
GRW_02667,SEG_0038
GRW_02668,SEG_0047
GRW_02669,SEG_0019
GRW_02670,SEG_0024
GRW_02671,SEG_0003
GRW_02672,SEG_0012
GRW_02673,SEG_0035
GRW_02674,SEG_0001
GRW_02675,SEG_0034
GRW_02676,SEG_0032
GRW_02677,SEG_0000
GRW_02678,SEG_0014
GRW_02679,SEG_0012
GRW_02680,SEG_0012
GRW_02681,SEG_0015
GRW_02682,SEG_0012
GRW_02683,SEG_0049
GRW_02684,SEG_0012
GRW_02685,SEG_0004
GRW_02686,SEG_0009
GRW_02687,SEG_0000
GRW_02688,SEG_0019
GRW_02689,SEG_0000
GRW_02690,SEG_0012
GRW_02691,SEG_0009
GRW_02692,SEG_0030
GRW_02693,SEG_0031
GRW_02694,SEG_0028
GRW_02695,SEG_0003
GRW_02696,SEG_0009
GRW_02697,SEG_0009
GRW_02698,SEG_0016
GRW_02699,SEG_0029
GRW_02700,SEG_0000
GRW_02701,SEG_0012
GRW_02702,SEG_0003
GRW_02703,SEG_0003
GRW_02704,SEG_0012
GRW_02705,SEG_0013
GRW_02706,SEG_0012
GRW_02707,SEG_0019
GRW_02708,SEG_0014
GRW_02709,SEG_0004
GRW_02710,SEG_0001
GRW_02711,SEG_0012
GRW_02712,SEG_0015
GRW_02713,SEG_0015
GRW_02714,SEG_0012
GRW_02715,SEG_0026
GRW_02716,SEG_0046
GRW_02717,SEG_0045
GRW_02718,SEG_0045
GRW_02719,SEG_0000
GRW_02720,SEG_0023
GRW_02721,SEG_0007
GRW_02722,SEG_0050
GRW_02723,SEG_0012
GRW_02724,SEG_0020
GRW_02725,SEG_0029
GRW_02726,SEG_0012
GRW_02727,SEG_0019
GRW_02728,SEG_0019
GRW_02729,SEG_0025
GRW_02730,SEG_0035
GRW_02731,SEG_0012
GRW_02732,SEG_0034
GRW_02733,SEG_0003
GRW_02734,SEG_0037
GRW_02735,SEG_0012
GRW_02736,SEG_0051
GRW_02737,SEG_0011
GRW_02738,SEG_0002
GRW_02739,SEG_0015
GRW_02740,SEG_0014
GRW_02741,SEG_0003
GRW_02742,SEG_0043
GRW_02743,SEG_0015
GRW_02744,SEG_0050
GRW_02745,SEG_0043
GRW_02746,SEG_0012
GRW_02747,SEG_0003
GRW_02748,SEG_0012
GRW_02749,SEG_0031
GRW_02750,SEG_0049
GRW_02751,SEG_0028
GRW_02752,SEG_0006
GRW_02753,SEG_0004
GRW_02754,SEG_0008
GRW_02755,SEG_0049
GRW_02756,SEG_0003
GRW_02757,SEG_0009
GRW_02758,SEG_0012
GRW_02759,SEG_0012
GRW_02760,SEG_0041
GRW_02761,SEG_0016
GRW_02762,SEG_0012
GRW_02763,SEG_0041
GRW_02764,SEG_0003
GRW_02765,SEG_0005
GRW_02766,SEG_0012
GRW_02767,SEG_0049
GRW_02768,SEG_0044
GRW_02769,SEG_0027
GRW_02770,SEG_0003
GRW_02771,SEG_0010
GRW_02772,SEG_0012
GRW_02773,SEG_0044
GRW_02774,SEG_0038
GRW_02775,SEG_0048
GRW_02776,SEG_0024
GRW_02777,SEG_0014
GRW_02778,SEG_0012
GRW_02779,SEG_0015
GRW_02780,SEG_0012
GRW_02781,SEG_0034
GRW_02782,SEG_0012
GRW_02783,SEG_0003
GRW_02784,SEG_0009
GRW_02785,SEG_0037
GRW_02786,SEG_0015
GRW_02787,SEG_0011
GRW_02788,SEG_0003
GRW_02789,SEG_0012
GRW_02790,SEG_0000
GRW_02791,SEG_0006
GRW_02792,SEG_0003
GRW_02793,SEG_0012
GRW_02794,SEG_0051
GRW_02795,SEG_0011
GRW_02796,SEG_0045
GRW_02797,SEG_0039
GRW_02798,SEG_0047
GRW_02799,SEG_0049
GRW_02800,SEG_0047
GRW_02801,SEG_0002
GRW_02802,SEG_0002
GRW_02803,SEG_0044
GRW_02804,SEG_0022
GRW_02805,SEG_0024
GRW_02806,SEG_0009
GRW_02807,SEG_0008
GRW_02808,SEG_0010
GRW_02809,SEG_0031
GRW_02810,SEG_0012
GRW_02811,SEG_0000
GRW_02812,SEG_0048
GRW_02813,SEG_0035
GRW_02814,SEG_0016
GRW_02815,SEG_0014
GRW_02816,SEG_0014
GRW_02817,SEG_0051
GRW_02818,SEG_0051
GRW_02819,SEG_0044
GRW_02820,SEG_0010
GRW_02821,SEG_0045
GRW_02822,SEG_0002
GRW_02823,SEG_0012
GRW_02824,SEG_0029
GRW_02825,SEG_0001
GRW_02826,SEG_0002
GRW_02827,SEG_0045
GRW_02828,SEG_0010
GRW_02829,SEG_0000
GRW_02830,SEG_0012
GRW_02831,SEG_0012
GRW_02832,SEG_0000
GRW_02833,SEG_0012
GRW_02834,SEG_0003
GRW_02835,SEG_0015
GRW_02836,SEG_0009
GRW_02837,SEG_0042
GRW_02838,SEG_0012
GRW_02839,SEG_0012
GRW_02840,SEG_0006
GRW_02841,SEG_0012
GRW_02842,SEG_0025
GRW_02843,SEG_0005
GRW_02844,SEG_0015
GRW_02845,SEG_0009
GRW_02846,SEG_0035
GRW_02847,SEG_0050
GRW_02848,SEG_0014
GRW_02849,SEG_0001
GRW_02850,SEG_0023
GRW_02851,SEG_0003
GRW_02852,SEG_0000
GRW_02853,SEG_0042
GRW_02854,SEG_0012
GRW_02855,SEG_0043
GRW_02856,SEG_0037
GRW_02857,SEG_0012
GRW_02858,SEG_0007
GRW_02859,SEG_0015
GRW_02860,SEG_0025
GRW_02861,SEG_0030
GRW_02862,SEG_0030
GRW_02863,SEG_0019
GRW_02864,SEG_0012
GRW_02865,SEG_0009
GRW_02866,SEG_0024
GRW_02867,SEG_0010
GRW_02868,SEG_0045
GRW_02869,SEG_0030
GRW_02870,SEG_0003
GRW_02871,SEG_0017
GRW_02872,SEG_0043
GRW_02873,SEG_0002
GRW_02874,SEG_0030
GRW_02875,SEG_0013
GRW_02876,SEG_0003
GRW_02877,SEG_0031
GRW_02878,SEG_0047
GRW_02879,SEG_0047
GRW_02880,SEG_0006
GRW_02881,SEG_0030
GRW_02882,SEG_0041
GRW_02883,SEG_0035
GRW_02884,SEG_0043
GRW_02885,SEG_0005
GRW_02886,SEG_0012
GRW_02887,SEG_0032
GRW_02888,SEG_0005
GRW_02889,SEG_0014
GRW_02890,SEG_0043
GRW_02891,SEG_0025
GRW_02892,SEG_0001
GRW_02893,SEG_0009
GRW_02894,SEG_0007
GRW_02895,SEG_0002
GRW_02896,SEG_0040
GRW_02897,SEG_0049
GRW_02898,SEG_0003
GRW_02899,SEG_0000
GRW_02900,SEG_0001
GRW_02901,SEG_0012
GRW_02902,SEG_0030
GRW_02903,SEG_0012
GRW_02904,SEG_0051
GRW_02905,SEG_0026
GRW_02906,SEG_0045
GRW_02907,SEG_0012
GRW_02908,SEG_0002
GRW_02909,SEG_0002
GRW_02910,SEG_0047
GRW_02911,SEG_0016
GRW_02912,SEG_0014
GRW_02913,SEG_0021
GRW_02914,SEG_0007
GRW_02915,SEG_0025
GRW_02916,SEG_0010
GRW_02917,SEG_0012
GRW_02918,SEG_0009
GRW_02919,SEG_0049
GRW_02920,SEG_0012
GRW_02921,SEG_0006
GRW_02922,SEG_0028
GRW_02923,SEG_0007
GRW_02924,SEG_0012
GRW_02925,SEG_0030
GRW_02926,SEG_0000
GRW_02927,SEG_0042
GRW_02928,SEG_0012
GRW_02929,SEG_0009
GRW_02930,SEG_0017
GRW_02931,SEG_0030
GRW_02932,SEG_0034
GRW_02933,SEG_0009
GRW_02934,SEG_0050
GRW_02935,SEG_0009
GRW_02936,SEG_0031
GRW_02937,SEG_0013
GRW_02938,SEG_0023
GRW_02939,SEG_0024
GRW_02940,SEG_0045
GRW_02941,SEG_0009
GRW_02942,SEG_0026
GRW_02943,SEG_0031
GRW_02944,SEG_0029
GRW_02945,SEG_0012
GRW_02946,SEG_0035
GRW_02947,SEG_0036
GRW_02948,SEG_0009
GRW_02949,SEG_0036
GRW_02950,SEG_0048
GRW_02951,SEG_0049
GRW_02952,SEG_0012
GRW_02953,SEG_0048
GRW_02954,SEG_0001
GRW_02955,SEG_0008
GRW_02956,SEG_0018
GRW_02957,SEG_0026
GRW_02958,SEG_0007
GRW_02959,SEG_0002
GRW_02960,SEG_0012
GRW_02961,SEG_0029
GRW_02962,SEG_0023
GRW_02963,SEG_0001
GRW_02964,SEG_0012
GRW_02965,SEG_0034
GRW_02966,SEG_0002
GRW_02967,SEG_0022
GRW_02968,SEG_0005
GRW_02969,SEG_0012
GRW_02970,SEG_0008
GRW_02971,SEG_0047
GRW_02972,SEG_0001
GRW_02973,SEG_0014
GRW_02974,SEG_0033
GRW_02975,SEG_0012
GRW_02976,SEG_0037
GRW_02977,SEG_0002
GRW_02978,SEG_0009
GRW_02979,SEG_0000
GRW_02980,SEG_0008
GRW_02981,SEG_0012
GRW_02982,SEG_0030
GRW_02983,SEG_0017
GRW_02984,SEG_0009
GRW_02985,SEG_0003
GRW_02986,SEG_0050
GRW_02987,SEG_0029
GRW_02988,SEG_0014
GRW_02989,SEG_0010
GRW_02990,SEG_0027
GRW_02991,SEG_0008
GRW_02992,SEG_0046
GRW_02993,SEG_0012
GRW_02994,SEG_0003
GRW_02995,SEG_0047
GRW_02996,SEG_0014
GRW_02997,SEG_0009
GRW_02998,SEG_0042
GRW_02999,SEG_0003
GRW_03000,SEG_0022
GRW_03001,SEG_0033
GRW_03002,SEG_0012
GRW_03003,SEG_0049
GRW_03004,SEG_0004
GRW_03005,SEG_0003
GRW_03006,SEG_0037
GRW_03007,SEG_0012
GRW_03008,SEG_0009
GRW_03009,SEG_0012
GRW_03010,SEG_0048
GRW_03011,SEG_0048
GRW_03012,SEG_0032
GRW_03013,SEG_0012
GRW_03014,SEG_0009
GRW_03015,SEG_0010
GRW_03016,SEG_0043
GRW_03017,SEG_0011
GRW_03018,SEG_0027
GRW_03019,SEG_0009
GRW_03020,SEG_0012
GRW_03021,SEG_0002
GRW_03022,SEG_0012
GRW_03023,SEG_0009
GRW_03024,SEG_0006
GRW_03025,SEG_0013
GRW_03026,SEG_0003
GRW_03027,SEG_0004
GRW_03028,SEG_0041
GRW_03029,SEG_0027
GRW_03030,SEG_0009
GRW_03031,SEG_0024
GRW_03032,SEG_0035
GRW_03033,SEG_0004
GRW_03034,SEG_0041
GRW_03035,SEG_0006
GRW_03036,SEG_0049
GRW_03037,SEG_0007
GRW_03038,SEG_0009
GRW_03039,SEG_0001
GRW_03040,SEG_0006
GRW_03041,SEG_0027
GRW_03042,SEG_0012
GRW_03043,SEG_0012
GRW_03044,SEG_0009
GRW_03045,SEG_0045
GRW_03046,SEG_0009
GRW_03047,SEG_0040
GRW_03048,SEG_0035
GRW_03049,SEG_0009
GRW_03050,SEG_0016
GRW_03051,SEG_0000
GRW_03052,SEG_0005
GRW_03053,SEG_0033
GRW_03054,SEG_0004
GRW_03055,SEG_0050
GRW_03056,SEG_0009
GRW_03057,SEG_0038
GRW_03058,SEG_0024
GRW_03059,SEG_0022
GRW_03060,SEG_0009
GRW_03061,SEG_0012
GRW_03062,SEG_0030
GRW_03063,SEG_0001
GRW_03064,SEG_0045
GRW_03065,SEG_0005
GRW_03066,SEG_0048
GRW_03067,SEG_0012
GRW_03068,SEG_0032
GRW_03069,SEG_0008
GRW_03070,SEG_0012
GRW_03071,SEG_0046
GRW_03072,SEG_0002
GRW_03073,SEG_0006
GRW_03074,SEG_0004
GRW_03075,SEG_0012
GRW_03076,SEG_0048
GRW_03077,SEG_0014
GRW_03078,SEG_0002
GRW_03079,SEG_0033
GRW_03080,SEG_0012
GRW_03081,SEG_0030
GRW_03082,SEG_0000
GRW_03083,SEG_0037
GRW_03084,SEG_0012
GRW_03085,SEG_0012
GRW_03086,SEG_0012
GRW_03087,SEG_0019
GRW_03088,SEG_0012
GRW_03089,SEG_0001
GRW_03090,SEG_0041
GRW_03091,SEG_0045
GRW_03092,SEG_0012
GRW_03093,SEG_0009
GRW_03094,SEG_0007
GRW_03095,SEG_0051
GRW_03096,SEG_0003
GRW_03097,SEG_0038
GRW_03098,SEG_0001
GRW_03099,SEG_0001
GRW_03100,SEG_0045
GRW_03101,SEG_0037
GRW_03102,SEG_0037
GRW_03103,SEG_0019
GRW_03104,SEG_0009
GRW_03105,SEG_0012
GRW_03106,SEG_0003
GRW_03107,SEG_0000
GRW_03108,SEG_0003
GRW_03109,SEG_0001
GRW_03110,SEG_0035
GRW_03111,SEG_0012
GRW_03112,SEG_0041
GRW_03113,SEG_0002
GRW_03114,SEG_0009
GRW_03115,SEG_0001
GRW_03116,SEG_0012
GRW_03117,SEG_0011
GRW_03118,SEG_0012
GRW_03119,SEG_0036
GRW_03120,SEG_0012
GRW_03121,SEG_0003
GRW_03122,SEG_0012
GRW_03123,SEG_0014
GRW_03124,SEG_0009
GRW_03125,SEG_0003
GRW_03126,SEG_0020
GRW_03127,SEG_0012
GRW_03128,SEG_0003
GRW_03129,SEG_0026
GRW_03130,SEG_0024
GRW_03131,SEG_0007
GRW_03132,SEG_0012
GRW_03133,SEG_0012
GRW_03134,SEG_0043
GRW_03135,SEG_0024
GRW_03136,SEG_0050
GRW_03137,SEG_0018
GRW_03138,SEG_0023
GRW_03139,SEG_0007
GRW_03140,SEG_0033
GRW_03141,SEG_0030
GRW_03142,SEG_0035
GRW_03143,SEG_0029
GRW_03144,SEG_0000
GRW_03145,SEG_0001
GRW_03146,SEG_0011
GRW_03147,SEG_0047
GRW_03148,SEG_0030
GRW_03149,SEG_0014
GRW_03150,SEG_0042
GRW_03151,SEG_0000
GRW_03152,SEG_0043
GRW_03153,SEG_0009
GRW_03154,SEG_0030
GRW_03155,SEG_0001
GRW_03156,SEG_0023
GRW_03157,SEG_0019
GRW_03158,SEG_0049
GRW_03159,SEG_0001
GRW_03160,SEG_0050
GRW_03161,SEG_0013
GRW_03162,SEG_0031
GRW_03163,SEG_0012
GRW_03164,SEG_0035
GRW_03165,SEG_0017
GRW_03166,SEG_0006
GRW_03167,SEG_0025
GRW_03168,SEG_0040
GRW_03169,SEG_0031
GRW_03170,SEG_0006
GRW_03171,SEG_0009
GRW_03172,SEG_0029
GRW_03173,SEG_0031
GRW_03174,SEG_0035
GRW_03175,SEG_0012
GRW_03176,SEG_0025
GRW_03177,SEG_0048
GRW_03178,SEG_0018
GRW_03179,SEG_0009
GRW_03180,SEG_0009
GRW_03181,SEG_0009
GRW_03182,SEG_0012
GRW_03183,SEG_0012
GRW_03184,SEG_0012
GRW_03185,SEG_0007
GRW_03186,SEG_0036
GRW_03187,SEG_0012
GRW_03188,SEG_0007
GRW_03189,SEG_0051
GRW_03190,SEG_0045
GRW_03191,SEG_0012
GRW_03192,SEG_0051
GRW_03193,SEG_0032
GRW_03194,SEG_0001
GRW_03195,SEG_0048
GRW_03196,SEG_0011
GRW_03197,SEG_0031
GRW_03198,SEG_0035
GRW_03199,SEG_0010
GRW_03200,SEG_0009
GRW_03201,SEG_0023
GRW_03202,SEG_0012
GRW_03203,SEG_0012
GRW_03204,SEG_0046
GRW_03205,SEG_0028
GRW_03206,SEG_0009
GRW_03207,SEG_0009
GRW_03208,SEG_0043
GRW_03209,SEG_0002
GRW_03210,SEG_0012
GRW_03211,SEG_0000
GRW_03212,SEG_0036
GRW_03213,SEG_0051
GRW_03214,SEG_0020
GRW_03215,SEG_0002
GRW_03216,SEG_0035
GRW_03217,SEG_0043
GRW_03218,SEG_0004
GRW_03219,SEG_0032
GRW_03220,SEG_0000
GRW_03221,SEG_0012
GRW_03222,SEG_0047
GRW_03223,SEG_0003
GRW_03224,SEG_0011
GRW_03225,SEG_0009
GRW_03226,SEG_0006
GRW_03227,SEG_0014
GRW_03228,SEG_0012
GRW_03229,SEG_0011
GRW_03230,SEG_0002
GRW_03231,SEG_0012
GRW_03232,SEG_0047
GRW_03233,SEG_0050
GRW_03234,SEG_0012
GRW_03235,SEG_0042
GRW_03236,SEG_0012
GRW_03237,SEG_0047
GRW_03238,SEG_0012
GRW_03239,SEG_0002
GRW_03240,SEG_0023
GRW_03241,SEG_0015
GRW_03242,SEG_0030
GRW_03243,SEG_0012
GRW_03244,SEG_0013
GRW_03245,SEG_0013
GRW_03246,SEG_0012
GRW_03247,SEG_0018
GRW_03248,SEG_0024
GRW_03249,SEG_0008
GRW_03250,SEG_0009
GRW_03251,SEG_0038
GRW_03252,SEG_0001
GRW_03253,SEG_0001
GRW_03254,SEG_0047
GRW_03255,SEG_0006
GRW_03256,SEG_0009
GRW_03257,SEG_0003
GRW_03258,SEG_0037
GRW_03259,SEG_0027
GRW_03260,SEG_0012
GRW_03261,SEG_0043
GRW_03262,SEG_0051
GRW_03263,SEG_0041
GRW_03264,SEG_0020
GRW_03265,SEG_0012
GRW_03266,SEG_0000
GRW_03267,SEG_0048
GRW_03268,SEG_0042
GRW_03269,SEG_0037
GRW_03270,SEG_0023
GRW_03271,SEG_0002
GRW_03272,SEG_0003
GRW_03273,SEG_0030
GRW_03274,SEG_0010
GRW_03275,SEG_0004
GRW_03276,SEG_0042
GRW_03277,SEG_0012
GRW_03278,SEG_0039
GRW_03279,SEG_0003
GRW_03280,SEG_0006
GRW_03281,SEG_0017
GRW_03282,SEG_0026
GRW_03283,SEG_0026
GRW_03284,SEG_0009
GRW_03285,SEG_0051
GRW_03286,SEG_0015
GRW_03287,SEG_0045
GRW_03288,SEG_0012
GRW_03289,SEG_0009
GRW_03290,SEG_0012
GRW_03291,SEG_0009
GRW_03292,SEG_0014
GRW_03293,SEG_0029
GRW_03294,SEG_0012
GRW_03295,SEG_0003
GRW_03296,SEG_0025
GRW_03297,SEG_0012
GRW_03298,SEG_0009
GRW_03299,SEG_0012
GRW_03300,SEG_0014
GRW_03301,SEG_0045
GRW_03302,SEG_0012
GRW_03303,SEG_0013
GRW_03304,SEG_0015
GRW_03305,SEG_0030
GRW_03306,SEG_0035
GRW_03307,SEG_0002
GRW_03308,SEG_0051
GRW_03309,SEG_0027
GRW_03310,SEG_0012
GRW_03311,SEG_0028
GRW_03312,SEG_0047
GRW_03313,SEG_0047
GRW_03314,SEG_0045
GRW_03315,SEG_0015
GRW_03316,SEG_0031
GRW_03317,SEG_0050
GRW_03318,SEG_0012
GRW_03319,SEG_0014
GRW_03320,SEG_0047
GRW_03321,SEG_0012
GRW_03322,SEG_0003
GRW_03323,SEG_0051
GRW_03324,SEG_0002
GRW_03325,SEG_0029
GRW_03326,SEG_0002
GRW_03327,SEG_0043
GRW_03328,SEG_0009
GRW_03329,SEG_0002
GRW_03330,SEG_0029
GRW_03331,SEG_0042
GRW_03332,SEG_0020
GRW_03333,SEG_0051
GRW_03334,SEG_0012
GRW_03335,SEG_0003
GRW_03336,SEG_0012
GRW_03337,SEG_0026
GRW_03338,SEG_0003
GRW_03339,SEG_0012
GRW_03340,SEG_0010
GRW_03341,SEG_0024
GRW_03342,SEG_0003
GRW_03343,SEG_0009
GRW_03344,SEG_0015
GRW_03345,SEG_0012
GRW_03346,SEG_0000
GRW_03347,SEG_0006
GRW_03348,SEG_0004
GRW_03349,SEG_0024
GRW_03350,SEG_0015
GRW_03351,SEG_0001
GRW_03352,SEG_0029
GRW_03353,SEG_0012
GRW_03354,SEG_0019
GRW_03355,SEG_0000
GRW_03356,SEG_0035
GRW_03357,SEG_0045
GRW_03358,SEG_0050
GRW_03359,SEG_0049
GRW_03360,SEG_0009
GRW_03361,SEG_0043
GRW_03362,SEG_0037
GRW_03363,SEG_0012
GRW_03364,SEG_0002
GRW_03365,SEG_0050
GRW_03366,SEG_0034
GRW_03367,SEG_0012
GRW_03368,SEG_0050
GRW_03369,SEG_0012
GRW_03370,SEG_0041
GRW_03371,SEG_0015
GRW_03372,SEG_0002
GRW_03373,SEG_0012
GRW_03374,SEG_0046
GRW_03375,SEG_0012
GRW_03376,SEG_0036
GRW_03377,SEG_0012
GRW_03378,SEG_0009
GRW_03379,SEG_0012
GRW_03380,SEG_0012
GRW_03381,SEG_0005
GRW_03382,SEG_0012
GRW_03383,SEG_0012
GRW_03384,SEG_0001
GRW_03385,SEG_0043
GRW_03386,SEG_0012
GRW_03387,SEG_0047
GRW_03388,SEG_0012
GRW_03389,SEG_0034
GRW_03390,SEG_0009
GRW_03391,SEG_0002
GRW_03392,SEG_0028
GRW_03393,SEG_0022
GRW_03394,SEG_0038
GRW_03395,SEG_0019
GRW_03396,SEG_0003
GRW_03397,SEG_0012
GRW_03398,SEG_0018
GRW_03399,SEG_0039
GRW_03400,SEG_0012
GRW_03401,SEG_0002
GRW_03402,SEG_0043
GRW_03403,SEG_0002
GRW_03404,SEG_0009
GRW_03405,SEG_0028
GRW_03406,SEG_0026
GRW_03407,SEG_0043
GRW_03408,SEG_0001
GRW_03409,SEG_0041
GRW_03410,SEG_0000
GRW_03411,SEG_0015
GRW_03412,SEG_0032
GRW_03413,SEG_0024
GRW_03414,SEG_0015
GRW_03415,SEG_0009
GRW_03416,SEG_0035
GRW_03417,SEG_0012
GRW_03418,SEG_0051
GRW_03419,SEG_0049
GRW_03420,SEG_0004
GRW_03421,SEG_0043
GRW_03422,SEG_0009
GRW_03423,SEG_0026
GRW_03424,SEG_0002
GRW_03425,SEG_0016
GRW_03426,SEG_0005
GRW_03427,SEG_0050
GRW_03428,SEG_0049
GRW_03429,SEG_0012
GRW_03430,SEG_0015
GRW_03431,SEG_0037
GRW_03432,SEG_0012
GRW_03433,SEG_0026
GRW_03434,SEG_0044
GRW_03435,SEG_0043
GRW_03436,SEG_0000
GRW_03437,SEG_0032
GRW_03438,SEG_0043
GRW_03439,SEG_0049
GRW_03440,SEG_0014
GRW_03441,SEG_0043
GRW_03442,SEG_0015
GRW_03443,SEG_0014
GRW_03444,SEG_0048
GRW_03445,SEG_0029
GRW_03446,SEG_0006
GRW_03447,SEG_0003
GRW_03448,SEG_0012
GRW_03449,SEG_0050
GRW_03450,SEG_0000
GRW_03451,SEG_0049
GRW_03452,SEG_0045
GRW_03453,SEG_0045
GRW_03454,SEG_0009
GRW_03455,SEG_0048
GRW_03456,SEG_0015
GRW_03457,SEG_0026
GRW_03458,SEG_0014
GRW_03459,SEG_0006
GRW_03460,SEG_0050
GRW_03461,SEG_0000
GRW_03462,SEG_0046
GRW_03463,SEG_0047
GRW_03464,SEG_0009
GRW_03465,SEG_0012
GRW_03466,SEG_0047
GRW_03467,SEG_0039
GRW_03468,SEG_0030
GRW_03469,SEG_0002
GRW_03470,SEG_0002
GRW_03471,SEG_0031
GRW_03472,SEG_0020
GRW_03473,SEG_0012
GRW_03474,SEG_0041
GRW_03475,SEG_0012
GRW_03476,SEG_0028
GRW_03477,SEG_0037
GRW_03478,SEG_0001
GRW_03479,SEG_0003
GRW_03480,SEG_0001
GRW_03481,SEG_0005
GRW_03482,SEG_0012
GRW_03483,SEG_0035
GRW_03484,SEG_0012
GRW_03485,SEG_0012
GRW_03486,SEG_0026
GRW_03487,SEG_0027
GRW_03488,SEG_0047
GRW_03489,SEG_0009
GRW_03490,SEG_0021
GRW_03491,SEG_0009
GRW_03492,SEG_0000
GRW_03493,SEG_0015
GRW_03494,SEG_0046
GRW_03495,SEG_0038
GRW_03496,SEG_0015
GRW_03497,SEG_0051
GRW_03498,SEG_0014
GRW_03499,SEG_0019
GRW_03500,SEG_0027
GRW_03501,SEG_0048
GRW_03502,SEG_0003
GRW_03503,SEG_0009
GRW_03504,SEG_0015
GRW_03505,SEG_0049
GRW_03506,SEG_0007
GRW_03507,SEG_0002
GRW_03508,SEG_0023
GRW_03509,SEG_0010
GRW_03510,SEG_0006
GRW_03511,SEG_0010
GRW_03512,SEG_0009
GRW_03513,SEG_0001
GRW_03514,SEG_0015
GRW_03515,SEG_0000
GRW_03516,SEG_0002
GRW_03517,SEG_0012
GRW_03518,SEG_0009
GRW_03519,SEG_0043
GRW_03520,SEG_0038
GRW_03521,SEG_0044
GRW_03522,SEG_0003
GRW_03523,SEG_0038
GRW_03524,SEG_0015
GRW_03525,SEG_0047
GRW_03526,SEG_0009
GRW_03527,SEG_0013
GRW_03528,SEG_0002
GRW_03529,SEG_0024
GRW_03530,SEG_0009
GRW_03531,SEG_0049
GRW_03532,SEG_0003
GRW_03533,SEG_0048
GRW_03534,SEG_0012
GRW_03535,SEG_0037
GRW_03536,SEG_0002
GRW_03537,SEG_0035
GRW_03538,SEG_0002
GRW_03539,SEG_0038
GRW_03540,SEG_0037
GRW_03541,SEG_0044
GRW_03542,SEG_0039
GRW_03543,SEG_0013
GRW_03544,SEG_0047
GRW_03545,SEG_0009
GRW_03546,SEG_0045
GRW_03547,SEG_0039
GRW_03548,SEG_0008
GRW_03549,SEG_0043
GRW_03550,SEG_0045
GRW_03551,SEG_0035
GRW_03552,SEG_0018
GRW_03553,SEG_0050
GRW_03554,SEG_0012
GRW_03555,SEG_0011
GRW_03556,SEG_0047
GRW_03557,SEG_0050
GRW_03558,SEG_0012
GRW_03559,SEG_0044
GRW_03560,SEG_0045
GRW_03561,SEG_0011
GRW_03562,SEG_0018
GRW_03563,SEG_0012
GRW_03564,SEG_0012
GRW_03565,SEG_0000
GRW_03566,SEG_0030
GRW_03567,SEG_0009
GRW_03568,SEG_0045
GRW_03569,SEG_0028
GRW_03570,SEG_0012
GRW_03571,SEG_0020
GRW_03572,SEG_0007
GRW_03573,SEG_0007
GRW_03574,SEG_0045
GRW_03575,SEG_0028
GRW_03576,SEG_0022
GRW_03577,SEG_0050
GRW_03578,SEG_0029
GRW_03579,SEG_0046
GRW_03580,SEG_0022
GRW_03581,SEG_0000
GRW_03582,SEG_0038
GRW_03583,SEG_0007
GRW_03584,SEG_0003
GRW_03585,SEG_0002
GRW_03586,SEG_0045
GRW_03587,SEG_0012
GRW_03588,SEG_0001
GRW_03589,SEG_0028
GRW_03590,SEG_0009
GRW_03591,SEG_0034
GRW_03592,SEG_0035
GRW_03593,SEG_0001
GRW_03594,SEG_0035
GRW_03595,SEG_0009
GRW_03596,SEG_0012
GRW_03597,SEG_0014
GRW_03598,SEG_0047
GRW_03599,SEG_0009
GRW_03600,SEG_0012
GRW_03601,SEG_0026
GRW_03602,SEG_0006
GRW_03603,SEG_0047
GRW_03604,SEG_0001
GRW_03605,SEG_0003
GRW_03606,SEG_0015
GRW_03607,SEG_0000
GRW_03608,SEG_0010
GRW_03609,SEG_0015
GRW_03610,SEG_0002
GRW_03611,SEG_0039
GRW_03612,SEG_0014
GRW_03613,SEG_0012
GRW_03614,SEG_0043
GRW_03615,SEG_0048
GRW_03616,SEG_0032
GRW_03617,SEG_0040
GRW_03618,SEG_0002
GRW_03619,SEG_0044
GRW_03620,SEG_0048
GRW_03621,SEG_0026
GRW_03622,SEG_0006
GRW_03623,SEG_0002
GRW_03624,SEG_0041
GRW_03625,SEG_0028
GRW_03626,SEG_0045
GRW_03627,SEG_0044
GRW_03628,SEG_0026
GRW_03629,SEG_0006
GRW_03630,SEG_0032
GRW_03631,SEG_0024
GRW_03632,SEG_0049
GRW_03633,SEG_0029
GRW_03634,SEG_0036
GRW_03635,SEG_0040
GRW_03636,SEG_0022
GRW_03637,SEG_0015
GRW_03638,SEG_0002
GRW_03639,SEG_0045
GRW_03640,SEG_0033
GRW_03641,SEG_0048
GRW_03642,SEG_0043
GRW_03643,SEG_0000
GRW_03644,SEG_0014
GRW_03645,SEG_0033
GRW_03646,SEG_0051
GRW_03647,SEG_0027
GRW_03648,SEG_0012
GRW_03649,SEG_0045
GRW_03650,SEG_0035
GRW_03651,SEG_0012
GRW_03652,SEG_0011
GRW_03653,SEG_0011
GRW_03654,SEG_0049
GRW_03655,SEG_0012
GRW_03656,SEG_0001
GRW_03657,SEG_0012
GRW_03658,SEG_0010
GRW_03659,SEG_0009
GRW_03660,SEG_0013
GRW_03661,SEG_0024
GRW_03662,SEG_0028
GRW_03663,SEG_0012
GRW_03664,SEG_0043
GRW_03665,SEG_0000
GRW_03666,SEG_0036
GRW_03667,SEG_0012
GRW_03668,SEG_0002
GRW_03669,SEG_0046
GRW_03670,SEG_0001
GRW_03671,SEG_0009
GRW_03672,SEG_0009
GRW_03673,SEG_0041
GRW_03674,SEG_0045
GRW_03675,SEG_0012
GRW_03676,SEG_0001
GRW_03677,SEG_0009
GRW_03678,SEG_0001
GRW_03679,SEG_0005
GRW_03680,SEG_0039
GRW_03681,SEG_0003
GRW_03682,SEG_0009
GRW_03683,SEG_0012
GRW_03684,SEG_0020
GRW_03685,SEG_0035
GRW_03686,SEG_0003
GRW_03687,SEG_0026
GRW_03688,SEG_0036
GRW_03689,SEG_0027
GRW_03690,SEG_0002
GRW_03691,SEG_0048
GRW_03692,SEG_0009
GRW_03693,SEG_0001
GRW_03694,SEG_0047
GRW_03695,SEG_0002
GRW_03696,SEG_0012
GRW_03697,SEG_0010
GRW_03698,SEG_0012
GRW_03699,SEG_0012
GRW_03700,SEG_0012
GRW_03701,SEG_0009
GRW_03702,SEG_0009
GRW_03703,SEG_0018
GRW_03704,SEG_0045
GRW_03705,SEG_0033
GRW_03706,SEG_0012
GRW_03707,SEG_0012
GRW_03708,SEG_0000
GRW_03709,SEG_0010
GRW_03710,SEG_0012
GRW_03711,SEG_0051
GRW_03712,SEG_0042
GRW_03713,SEG_0024
GRW_03714,SEG_0006
GRW_03715,SEG_0021
GRW_03716,SEG_0007
GRW_03717,SEG_0012
GRW_03718,SEG_0012
GRW_03719,SEG_0018
GRW_03720,SEG_0012
GRW_03721,SEG_0029
GRW_03722,SEG_0022
GRW_03723,SEG_0008
GRW_03724,SEG_0030
GRW_03725,SEG_0000
GRW_03726,SEG_0025
GRW_03727,SEG_0043
GRW_03728,SEG_0009
GRW_03729,SEG_0011
GRW_03730,SEG_0020
GRW_03731,SEG_0012
GRW_03732,SEG_0001
GRW_03733,SEG_0025
GRW_03734,SEG_0012
GRW_03735,SEG_0009
GRW_03736,SEG_0030
GRW_03737,SEG_0012
GRW_03738,SEG_0024
GRW_03739,SEG_0035
GRW_03740,SEG_0012
GRW_03741,SEG_0050
GRW_03742,SEG_0001
GRW_03743,SEG_0033
GRW_03744,SEG_0050
GRW_03745,SEG_0001
GRW_03746,SEG_0011
GRW_03747,SEG_0009
GRW_03748,SEG_0012
GRW_03749,SEG_0046
GRW_03750,SEG_0003
GRW_03751,SEG_0014
GRW_03752,SEG_0040
GRW_03753,SEG_0026
GRW_03754,SEG_0009
GRW_03755,SEG_0002
GRW_03756,SEG_0019
GRW_03757,SEG_0015
GRW_03758,SEG_0015
GRW_03759,SEG_0009
GRW_03760,SEG_0029
GRW_03761,SEG_0048
GRW_03762,SEG_0009
GRW_03763,SEG_0012
GRW_03764,SEG_0001
GRW_03765,SEG_0009
GRW_03766,SEG_0034
GRW_03767,SEG_0003
GRW_03768,SEG_0012
GRW_03769,SEG_0013
GRW_03770,SEG_0012
GRW_03771,SEG_0015
GRW_03772,SEG_0030
GRW_03773,SEG_0023
GRW_03774,SEG_0012
GRW_03775,SEG_0012
GRW_03776,SEG_0024
GRW_03777,SEG_0001
GRW_03778,SEG_0048
GRW_03779,SEG_0012
GRW_03780,SEG_0016
GRW_03781,SEG_0025
GRW_03782,SEG_0015
GRW_03783,SEG_0009
GRW_03784,SEG_0037
GRW_03785,SEG_0012
GRW_03786,SEG_0012
GRW_03787,SEG_0001
GRW_03788,SEG_0012
GRW_03789,SEG_0012
GRW_03790,SEG_0000
GRW_03791,SEG_0012
GRW_03792,SEG_0043
GRW_03793,SEG_0009
GRW_03794,SEG_0016
GRW_03795,SEG_0047
GRW_03796,SEG_0012
GRW_03797,SEG_0002
GRW_03798,SEG_0012
GRW_03799,SEG_0048
GRW_03800,SEG_0019
GRW_03801,SEG_0032
GRW_03802,SEG_0011
GRW_03803,SEG_0022
GRW_03804,SEG_0029
GRW_03805,SEG_0012
GRW_03806,SEG_0022
GRW_03807,SEG_0045
GRW_03808,SEG_0047
GRW_03809,SEG_0038
GRW_03810,SEG_0048
GRW_03811,SEG_0035
GRW_03812,SEG_0012
GRW_03813,SEG_0043
GRW_03814,SEG_0022
GRW_03815,SEG_0047
GRW_03816,SEG_0005
GRW_03817,SEG_0012
GRW_03818,SEG_0003
GRW_03819,SEG_0032
GRW_03820,SEG_0034
GRW_03821,SEG_0030
GRW_03822,SEG_0029
GRW_03823,SEG_0010
GRW_03824,SEG_0012
GRW_03825,SEG_0014
GRW_03826,SEG_0048
GRW_03827,SEG_0012
GRW_03828,SEG_0032
GRW_03829,SEG_0015
GRW_03830,SEG_0000
GRW_03831,SEG_0028
GRW_03832,SEG_0007
GRW_03833,SEG_0046
GRW_03834,SEG_0003
GRW_03835,SEG_0025
GRW_03836,SEG_0012
GRW_03837,SEG_0009
GRW_03838,SEG_0010
GRW_03839,SEG_0002
GRW_03840,SEG_0009
GRW_03841,SEG_0012
GRW_03842,SEG_0002
GRW_03843,SEG_0012
GRW_03844,SEG_0007
GRW_03845,SEG_0015
GRW_03846,SEG_0008
GRW_03847,SEG_0045
GRW_03848,SEG_0020
GRW_03849,SEG_0003
GRW_03850,SEG_0010
GRW_03851,SEG_0047
GRW_03852,SEG_0015
GRW_03853,SEG_0044
GRW_03854,SEG_0035
GRW_03855,SEG_0022
GRW_03856,SEG_0004
GRW_03857,SEG_0019
GRW_03858,SEG_0041
GRW_03859,SEG_0000
GRW_03860,SEG_0003
GRW_03861,SEG_0049
GRW_03862,SEG_0010
GRW_03863,SEG_0030
GRW_03864,SEG_0012
GRW_03865,SEG_0009
GRW_03866,SEG_0045
GRW_03867,SEG_0003
GRW_03868,SEG_0046
GRW_03869,SEG_0024
GRW_03870,SEG_0019
GRW_03871,SEG_0017
GRW_03872,SEG_0023
GRW_03873,SEG_0040
GRW_03874,SEG_0007
GRW_03875,SEG_0026
GRW_03876,SEG_0050
GRW_03877,SEG_0009
GRW_03878,SEG_0028
GRW_03879,SEG_0050
GRW_03880,SEG_0025
GRW_03881,SEG_0015
GRW_03882,SEG_0003
GRW_03883,SEG_0012
GRW_03884,SEG_0001
GRW_03885,SEG_0030
GRW_03886,SEG_0001
GRW_03887,SEG_0044
GRW_03888,SEG_0043
GRW_03889,SEG_0027
GRW_03890,SEG_0023
GRW_03891,SEG_0012
GRW_03892,SEG_0032
GRW_03893,SEG_0010
GRW_03894,SEG_0002
GRW_03895,SEG_0000
GRW_03896,SEG_0015
GRW_03897,SEG_0000
GRW_03898,SEG_0046
GRW_03899,SEG_0043
GRW_03900,SEG_0010
GRW_03901,SEG_0012
GRW_03902,SEG_0045
GRW_03903,SEG_0000
GRW_03904,SEG_0002
GRW_03905,SEG_0018
GRW_03906,SEG_0012
GRW_03907,SEG_0042
GRW_03908,SEG_0045
GRW_03909,SEG_0045
GRW_03910,SEG_0001
GRW_03911,SEG_0023
GRW_03912,SEG_0009
GRW_03913,SEG_0043
GRW_03914,SEG_0011
GRW_03915,SEG_0026
GRW_03916,SEG_0014
GRW_03917,SEG_0000
GRW_03918,SEG_0034
GRW_03919,SEG_0041
GRW_03920,SEG_0012
GRW_03921,SEG_0001
GRW_03922,SEG_0001
GRW_03923,SEG_0001
GRW_03924,SEG_0051
GRW_03925,SEG_0050
GRW_03926,SEG_0011
GRW_03927,SEG_0000
GRW_03928,SEG_0045
GRW_03929,SEG_0020
GRW_03930,SEG_0012
GRW_03931,SEG_0036
GRW_03932,SEG_0003
GRW_03933,SEG_0047
GRW_03934,SEG_0022
GRW_03935,SEG_0046
GRW_03936,SEG_0012
GRW_03937,SEG_0012
GRW_03938,SEG_0003
GRW_03939,SEG_0050
GRW_03940,SEG_0015
GRW_03941,SEG_0032
GRW_03942,SEG_0027
GRW_03943,SEG_0048
GRW_03944,SEG_0013
GRW_03945,SEG_0009
GRW_03946,SEG_0039
GRW_03947,SEG_0002
GRW_03948,SEG_0029
GRW_03949,SEG_0012
GRW_03950,SEG_0010
GRW_03951,SEG_0045
GRW_03952,SEG_0027
GRW_03953,SEG_0005
GRW_03954,SEG_0015
GRW_03955,SEG_0015
GRW_03956,SEG_0038
GRW_03957,SEG_0021
GRW_03958,SEG_0028
GRW_03959,SEG_0031
GRW_03960,SEG_0012
GRW_03961,SEG_0041
GRW_03962,SEG_0012
GRW_03963,SEG_0044
GRW_03964,SEG_0014
GRW_03965,SEG_0036
GRW_03966,SEG_0033
GRW_03967,SEG_0042
GRW_03968,SEG_0018
GRW_03969,SEG_0021
GRW_03970,SEG_0027
GRW_03971,SEG_0039
GRW_03972,SEG_0043
GRW_03973,SEG_0032
GRW_03974,SEG_0033
GRW_03975,SEG_0024
GRW_03976,SEG_0012
GRW_03977,SEG_0013
GRW_03978,SEG_0021
GRW_03979,SEG_0012
GRW_03980,SEG_0012
GRW_03981,SEG_0003
GRW_03982,SEG_0017
GRW_03983,SEG_0001
GRW_03984,SEG_0012
GRW_03985,SEG_0012
GRW_03986,SEG_0044
GRW_03987,SEG_0026
GRW_03988,SEG_0036
GRW_03989,SEG_0012
GRW_03990,SEG_0051
GRW_03991,SEG_0019
GRW_03992,SEG_0001
GRW_03993,SEG_0048
GRW_03994,SEG_0022
GRW_03995,SEG_0013
GRW_03996,SEG_0008
GRW_03997,SEG_0000
GRW_03998,SEG_0017
GRW_03999,SEG_0037
GRW_04000,SEG_0003
GRW_04001,SEG_0015
GRW_04002,SEG_0000
GRW_04003,SEG_0008
GRW_04004,SEG_0012
GRW_04005,SEG_0023
GRW_04006,SEG_0024
GRW_04007,SEG_0009
GRW_04008,SEG_0042
GRW_04009,SEG_0012
GRW_04010,SEG_0021
GRW_04011,SEG_0014
GRW_04012,SEG_0026
GRW_04013,SEG_0017
GRW_04014,SEG_0009
GRW_04015,SEG_0026
GRW_04016,SEG_0023
GRW_04017,SEG_0008
GRW_04018,SEG_0012
GRW_04019,SEG_0000
GRW_04020,SEG_0031
GRW_04021,SEG_0043
GRW_04022,SEG_0042
GRW_04023,SEG_0002
GRW_04024,SEG_0009
GRW_04025,SEG_0009
GRW_04026,SEG_0039
GRW_04027,SEG_0001
GRW_04028,SEG_0029
GRW_04029,SEG_0005
GRW_04030,SEG_0015
GRW_04031,SEG_0009
GRW_04032,SEG_0010
GRW_04033,SEG_0043
GRW_04034,SEG_0017
GRW_04035,SEG_0047
GRW_04036,SEG_0002
GRW_04037,SEG_0049
GRW_04038,SEG_0012
GRW_04039,SEG_0011
GRW_04040,SEG_0000
GRW_04041,SEG_0048
GRW_04042,SEG_0049
GRW_04043,SEG_0031
GRW_04044,SEG_0011
GRW_04045,SEG_0044
GRW_04046,SEG_0000
GRW_04047,SEG_0043
GRW_04048,SEG_0044
GRW_04049,SEG_0005
GRW_04050,SEG_0038
GRW_04051,SEG_0039
GRW_04052,SEG_0025
GRW_04053,SEG_0032
GRW_04054,SEG_0000
GRW_04055,SEG_0020
GRW_04056,SEG_0012
GRW_04057,SEG_0011
GRW_04058,SEG_0030
GRW_04059,SEG_0012
GRW_04060,SEG_0002
GRW_04061,SEG_0012
GRW_04062,SEG_0001
GRW_04063,SEG_0038
GRW_04064,SEG_0025
GRW_04065,SEG_0012
GRW_04066,SEG_0011
GRW_04067,SEG_0014
GRW_04068,SEG_0030
GRW_04069,SEG_0013
GRW_04070,SEG_0047
GRW_04071,SEG_0020
GRW_04072,SEG_0009
GRW_04073,SEG_0003
GRW_04074,SEG_0048
GRW_04075,SEG_0009
GRW_04076,SEG_0006
GRW_04077,SEG_0012
GRW_04078,SEG_0026
GRW_04079,SEG_0003
GRW_04080,SEG_0006
GRW_04081,SEG_0012
GRW_04082,SEG_0030
GRW_04083,SEG_0012
GRW_04084,SEG_0015
GRW_04085,SEG_0023
GRW_04086,SEG_0051
GRW_04087,SEG_0034
GRW_04088,SEG_0026
GRW_04089,SEG_0024
GRW_04090,SEG_0048
GRW_04091,SEG_0002
GRW_04092,SEG_0002
GRW_04093,SEG_0012
GRW_04094,SEG_0038
GRW_04095,SEG_0009
GRW_04096,SEG_0029
GRW_04097,SEG_0015
GRW_04098,SEG_0028
GRW_04099,SEG_0029
GRW_04100,SEG_0012
GRW_04101,SEG_0000
GRW_04102,SEG_0048
GRW_04103,SEG_0009
GRW_04104,SEG_0028
GRW_04105,SEG_0035
GRW_04106,SEG_0012
GRW_04107,SEG_0016
GRW_04108,SEG_0023
GRW_04109,SEG_0006
GRW_04110,SEG_0012
GRW_04111,SEG_0047
GRW_04112,SEG_0012
GRW_04113,SEG_0030
GRW_04114,SEG_0027
GRW_04115,SEG_0047
GRW_04116,SEG_0014
GRW_04117,SEG_0015
GRW_04118,SEG_0015
GRW_04119,SEG_0001
GRW_04120,SEG_0012
GRW_04121,SEG_0047
GRW_04122,SEG_0024
GRW_04123,SEG_0003
GRW_04124,SEG_0009
GRW_04125,SEG_0022
GRW_04126,SEG_0024
GRW_04127,SEG_0010
GRW_04128,SEG_0015
GRW_04129,SEG_0022
GRW_04130,SEG_0014
GRW_04131,SEG_0041
GRW_04132,SEG_0000
GRW_04133,SEG_0035
GRW_04134,SEG_0000
GRW_04135,SEG_0043
GRW_04136,SEG_0028
GRW_04137,SEG_0048
GRW_04138,SEG_0021
GRW_04139,SEG_0030
GRW_04140,SEG_0027
GRW_04141,SEG_0003
GRW_04142,SEG_0049
GRW_04143,SEG_0047
GRW_04144,SEG_0048
GRW_04145,SEG_0028
GRW_04146,SEG_0015
GRW_04147,SEG_0003
GRW_04148,SEG_0001
GRW_04149,SEG_0039
GRW_04150,SEG_0030
GRW_04151,SEG_0034
GRW_04152,SEG_0007
GRW_04153,SEG_0012
GRW_04154,SEG_0000
GRW_04155,SEG_0014
GRW_04156,SEG_0010
GRW_04157,SEG_0007
GRW_04158,SEG_0003
GRW_04159,SEG_0019
GRW_04160,SEG_0003
GRW_04161,SEG_0001
GRW_04162,SEG_0003
GRW_04163,SEG_0047
GRW_04164,SEG_0001
GRW_04165,SEG_0051
GRW_04166,SEG_0012
GRW_04167,SEG_0037
GRW_04168,SEG_0047
GRW_04169,SEG_0012
GRW_04170,SEG_0012
GRW_04171,SEG_0034
GRW_04172,SEG_0012
GRW_04173,SEG_0012
GRW_04174,SEG_0021
GRW_04175,SEG_0047
GRW_04176,SEG_0035
GRW_04177,SEG_0051
GRW_04178,SEG_0015
GRW_04179,SEG_0049
GRW_04180,SEG_0012
GRW_04181,SEG_0008
GRW_04182,SEG_0003
GRW_04183,SEG_0012
GRW_04184,SEG_0036
GRW_04185,SEG_0030
GRW_04186,SEG_0021
GRW_04187,SEG_0012
GRW_04188,SEG_0014
GRW_04189,SEG_0046
GRW_04190,SEG_0006
GRW_04191,SEG_0014
GRW_04192,SEG_0002
GRW_04193,SEG_0028
GRW_04194,SEG_0011
GRW_04195,SEG_0002
GRW_04196,SEG_0012
GRW_04197,SEG_0003
GRW_04198,SEG_0000
GRW_04199,SEG_0035
GRW_04200,SEG_0004
GRW_04201,SEG_0025
GRW_04202,SEG_0024
GRW_04203,SEG_0050
GRW_04204,SEG_0043
GRW_04205,SEG_0009
GRW_04206,SEG_0001
GRW_04207,SEG_0022
GRW_04208,SEG_0012
GRW_04209,SEG_0009
GRW_04210,SEG_0016
GRW_04211,SEG_0035
GRW_04212,SEG_0007
GRW_04213,SEG_0034
GRW_04214,SEG_0045
GRW_04215,SEG_0000
GRW_04216,SEG_0003
GRW_04217,SEG_0049
GRW_04218,SEG_0049
GRW_04219,SEG_0004
GRW_04220,SEG_0000
GRW_04221,SEG_0012
GRW_04222,SEG_0026
GRW_04223,SEG_0012
GRW_04224,SEG_0009
GRW_04225,SEG_0000
GRW_04226,SEG_0022
GRW_04227,SEG_0051
GRW_04228,SEG_0007
GRW_04229,SEG_0012
GRW_04230,SEG_0031
GRW_04231,SEG_0009
GRW_04232,SEG_0049
GRW_04233,SEG_0009
GRW_04234,SEG_0000
GRW_04235,SEG_0012
GRW_04236,SEG_0045
GRW_04237,SEG_0042
GRW_04238,SEG_0008
GRW_04239,SEG_0035
GRW_04240,SEG_0036
GRW_04241,SEG_0028
GRW_04242,SEG_0009
GRW_04243,SEG_0051
GRW_04244,SEG_0008
GRW_04245,SEG_0012
GRW_04246,SEG_0002
GRW_04247,SEG_0012
GRW_04248,SEG_0014
GRW_04249,SEG_0000
GRW_04250,SEG_0049
GRW_04251,SEG_0012
GRW_04252,SEG_0029
GRW_04253,SEG_0047
GRW_04254,SEG_0044
GRW_04255,SEG_0030
GRW_04256,SEG_0006
GRW_04257,SEG_0048
GRW_04258,SEG_0002
GRW_04259,SEG_0014
GRW_04260,SEG_0000
GRW_04261,SEG_0012
GRW_04262,SEG_0012
GRW_04263,SEG_0039
GRW_04264,SEG_0011
GRW_04265,SEG_0000
GRW_04266,SEG_0022
GRW_04267,SEG_0043
GRW_04268,SEG_0025
GRW_04269,SEG_0017
GRW_04270,SEG_0012
GRW_04271,SEG_0013
GRW_04272,SEG_0038
GRW_04273,SEG_0042
GRW_04274,SEG_0044
GRW_04275,SEG_0012
GRW_04276,SEG_0000
GRW_04277,SEG_0009
GRW_04278,SEG_0037
GRW_04279,SEG_0001
GRW_04280,SEG_0041
GRW_04281,SEG_0012
GRW_04282,SEG_0015
GRW_04283,SEG_0025
GRW_04284,SEG_0042
GRW_04285,SEG_0007
GRW_04286,SEG_0050
GRW_04287,SEG_0044
GRW_04288,SEG_0015
GRW_04289,SEG_0033
GRW_04290,SEG_0048
GRW_04291,SEG_0003
GRW_04292,SEG_0043
GRW_04293,SEG_0012
GRW_04294,SEG_0044
GRW_04295,SEG_0003
GRW_04296,SEG_0043
GRW_04297,SEG_0015
GRW_04298,SEG_0012
GRW_04299,SEG_0029
GRW_04300,SEG_0005
GRW_04301,SEG_0047
GRW_04302,SEG_0003
GRW_04303,SEG_0038
GRW_04304,SEG_0021
GRW_04305,SEG_0033
GRW_04306,SEG_0009
GRW_04307,SEG_0012
GRW_04308,SEG_0012
GRW_04309,SEG_0013
GRW_04310,SEG_0014
GRW_04311,SEG_0012
GRW_04312,SEG_0012
GRW_04313,SEG_0002
GRW_04314,SEG_0012
GRW_04315,SEG_0004
GRW_04316,SEG_0016
GRW_04317,SEG_0040
GRW_04318,SEG_0025
GRW_04319,SEG_0012
GRW_04320,SEG_0035
GRW_04321,SEG_0018
GRW_04322,SEG_0002
GRW_04323,SEG_0046
GRW_04324,SEG_0014
GRW_04325,SEG_0049
GRW_04326,SEG_0043
GRW_04327,SEG_0012
GRW_04328,SEG_0028
GRW_04329,SEG_0011
GRW_04330,SEG_0022
GRW_04331,SEG_0034
GRW_04332,SEG_0001
GRW_04333,SEG_0012
GRW_04334,SEG_0012
GRW_04335,SEG_0013
GRW_04336,SEG_0028
GRW_04337,SEG_0040
GRW_04338,SEG_0021
GRW_04339,SEG_0047
GRW_04340,SEG_0012
GRW_04341,SEG_0034
GRW_04342,SEG_0029
GRW_04343,SEG_0009
GRW_04344,SEG_0038
GRW_04345,SEG_0011
GRW_04346,SEG_0030
GRW_04347,SEG_0020
GRW_04348,SEG_0007
GRW_04349,SEG_0043
GRW_04350,SEG_0003
GRW_04351,SEG_0042
GRW_04352,SEG_0009
GRW_04353,SEG_0016
GRW_04354,SEG_0012
GRW_04355,SEG_0009
GRW_04356,SEG_0012
GRW_04357,SEG_0038
GRW_04358,SEG_0012
GRW_04359,SEG_0018
GRW_04360,SEG_0025
GRW_04361,SEG_0046
GRW_04362,SEG_0014
GRW_04363,SEG_0021
GRW_04364,SEG_0000
GRW_04365,SEG_0025
GRW_04366,SEG_0009
GRW_04367,SEG_0009
GRW_04368,SEG_0028
GRW_04369,SEG_0012
GRW_04370,SEG_0009
GRW_04371,SEG_0002
GRW_04372,SEG_0031
GRW_04373,SEG_0016
GRW_04374,SEG_0044
GRW_04375,SEG_0009
GRW_04376,SEG_0044
GRW_04377,SEG_0014
GRW_04378,SEG_0012
GRW_04379,SEG_0037
GRW_04380,SEG_0030
GRW_04381,SEG_0049
GRW_04382,SEG_0040
GRW_04383,SEG_0038
GRW_04384,SEG_0047
GRW_04385,SEG_0023
GRW_04386,SEG_0012
GRW_04387,SEG_0009
GRW_04388,SEG_0003
GRW_04389,SEG_0004
GRW_04390,SEG_0012
GRW_04391,SEG_0001
GRW_04392,SEG_0033
GRW_04393,SEG_0040
GRW_04394,SEG_0047
GRW_04395,SEG_0000
GRW_04396,SEG_0044
GRW_04397,SEG_0050
GRW_04398,SEG_0014
GRW_04399,SEG_0004
GRW_04400,SEG_0042
GRW_04401,SEG_0018
GRW_04402,SEG_0000
GRW_04403,SEG_0003
GRW_04404,SEG_0003
GRW_04405,SEG_0000
GRW_04406,SEG_0041
GRW_04407,SEG_0045
GRW_04408,SEG_0009
GRW_04409,SEG_0002
GRW_04410,SEG_0047
GRW_04411,SEG_0010
GRW_04412,SEG_0033
GRW_04413,SEG_0016
GRW_04414,SEG_0002
GRW_04415,SEG_0025
GRW_04416,SEG_0030
GRW_04417,SEG_0026
GRW_04418,SEG_0014
GRW_04419,SEG_0015
GRW_04420,SEG_0044
GRW_04421,SEG_0027
GRW_04422,SEG_0028
GRW_04423,SEG_0009
GRW_04424,SEG_0009
GRW_04425,SEG_0012
GRW_04426,SEG_0049
GRW_04427,SEG_0012
GRW_04428,SEG_0020
GRW_04429,SEG_0049
GRW_04430,SEG_0031
GRW_04431,SEG_0045
GRW_04432,SEG_0003
GRW_04433,SEG_0000
GRW_04434,SEG_0011
GRW_04435,SEG_0019
GRW_04436,SEG_0017
GRW_04437,SEG_0017
GRW_04438,SEG_0013
GRW_04439,SEG_0000
GRW_04440,SEG_0002
GRW_04441,SEG_0003
GRW_04442,SEG_0001
GRW_04443,SEG_0047
GRW_04444,SEG_0041
GRW_04445,SEG_0012
GRW_04446,SEG_0009
GRW_04447,SEG_0047
GRW_04448,SEG_0012
GRW_04449,SEG_0040
GRW_04450,SEG_0000
GRW_04451,SEG_0044
GRW_04452,SEG_0046
GRW_04453,SEG_0012
GRW_04454,SEG_0012
GRW_04455,SEG_0047
GRW_04456,SEG_0039
GRW_04457,SEG_0044
GRW_04458,SEG_0004
GRW_04459,SEG_0042
GRW_04460,SEG_0008
GRW_04461,SEG_0023
GRW_04462,SEG_0051
GRW_04463,SEG_0002
GRW_04464,SEG_0026
GRW_04465,SEG_0012
GRW_04466,SEG_0047
GRW_04467,SEG_0011
GRW_04468,SEG_0009
GRW_04469,SEG_0036
GRW_04470,SEG_0002
GRW_04471,SEG_0025
GRW_04472,SEG_0002
GRW_04473,SEG_0010
GRW_04474,SEG_0048
GRW_04475,SEG_0045
GRW_04476,SEG_0008
GRW_04477,SEG_0043
GRW_04478,SEG_0001
GRW_04479,SEG_0012
GRW_04480,SEG_0014
GRW_04481,SEG_0027
GRW_04482,SEG_0007
GRW_04483,SEG_0003
GRW_04484,SEG_0051
GRW_04485,SEG_0026
GRW_04486,SEG_0026
GRW_04487,SEG_0031
GRW_04488,SEG_0009
GRW_04489,SEG_0000
GRW_04490,SEG_0012
GRW_04491,SEG_0000
GRW_04492,SEG_0012
GRW_04493,SEG_0009
GRW_04494,SEG_0018
GRW_04495,SEG_0012
GRW_04496,SEG_0026
GRW_04497,SEG_0003
GRW_04498,SEG_0007
GRW_04499,SEG_0013
GRW_04500,SEG_0025
GRW_04501,SEG_0032
GRW_04502,SEG_0009
GRW_04503,SEG_0029
GRW_04504,SEG_0012
GRW_04505,SEG_0006
GRW_04506,SEG_0045
GRW_04507,SEG_0003
GRW_04508,SEG_0000
GRW_04509,SEG_0050
GRW_04510,SEG_0003
GRW_04511,SEG_0012
GRW_04512,SEG_0042
GRW_04513,SEG_0009
GRW_04514,SEG_0003
GRW_04515,SEG_0012
GRW_04516,SEG_0009
GRW_04517,SEG_0029
GRW_04518,SEG_0006
GRW_04519,SEG_0007
GRW_04520,SEG_0012
GRW_04521,SEG_0012
GRW_04522,SEG_0012
GRW_04523,SEG_0001
GRW_04524,SEG_0012
GRW_04525,SEG_0043
GRW_04526,SEG_0047
GRW_04527,SEG_0048
GRW_04528,SEG_0009
GRW_04529,SEG_0036
GRW_04530,SEG_0009
GRW_04531,SEG_0002
GRW_04532,SEG_0031
GRW_04533,SEG_0009
GRW_04534,SEG_0023
GRW_04535,SEG_0000
GRW_04536,SEG_0009
GRW_04537,SEG_0035
GRW_04538,SEG_0046
GRW_04539,SEG_0025
GRW_04540,SEG_0022
GRW_04541,SEG_0002
GRW_04542,SEG_0024
GRW_04543,SEG_0043
GRW_04544,SEG_0009
GRW_04545,SEG_0012
GRW_04546,SEG_0010
GRW_04547,SEG_0016
GRW_04548,SEG_0012
GRW_04549,SEG_0012
GRW_04550,SEG_0033
GRW_04551,SEG_0012
GRW_04552,SEG_0047
GRW_04553,SEG_0009
GRW_04554,SEG_0009
GRW_04555,SEG_0004
GRW_04556,SEG_0048
GRW_04557,SEG_0010
GRW_04558,SEG_0010
GRW_04559,SEG_0016
GRW_04560,SEG_0012
GRW_04561,SEG_0040
GRW_04562,SEG_0011
GRW_04563,SEG_0018
GRW_04564,SEG_0030
GRW_04565,SEG_0025
GRW_04566,SEG_0051
GRW_04567,SEG_0036
GRW_04568,SEG_0012
GRW_04569,SEG_0005
GRW_04570,SEG_0012
GRW_04571,SEG_0006
GRW_04572,SEG_0031
GRW_04573,SEG_0007
GRW_04574,SEG_0012
GRW_04575,SEG_0000
GRW_04576,SEG_0030
GRW_04577,SEG_0001
GRW_04578,SEG_0047
GRW_04579,SEG_0003
GRW_04580,SEG_0012
GRW_04581,SEG_0014
GRW_04582,SEG_0030
GRW_04583,SEG_0024
GRW_04584,SEG_0042
GRW_04585,SEG_0012
GRW_04586,SEG_0009
GRW_04587,SEG_0008
GRW_04588,SEG_0002
GRW_04589,SEG_0011
GRW_04590,SEG_0009
GRW_04591,SEG_0009
GRW_04592,SEG_0014
GRW_04593,SEG_0045
GRW_04594,SEG_0020
GRW_04595,SEG_0046
GRW_04596,SEG_0009
GRW_04597,SEG_0002
GRW_04598,SEG_0037
GRW_04599,SEG_0041
GRW_04600,SEG_0025
GRW_04601,SEG_0015
GRW_04602,SEG_0018
GRW_04603,SEG_0049
GRW_04604,SEG_0009
GRW_04605,SEG_0003
GRW_04606,SEG_0047
GRW_04607,SEG_0035
GRW_04608,SEG_0018
GRW_04609,SEG_0009
GRW_04610,SEG_0009
GRW_04611,SEG_0015
GRW_04612,SEG_0012
GRW_04613,SEG_0012
GRW_04614,SEG_0011
GRW_04615,SEG_0003
GRW_04616,SEG_0010
GRW_04617,SEG_0041
GRW_04618,SEG_0026
GRW_04619,SEG_0009
GRW_04620,SEG_0000
GRW_04621,SEG_0039
GRW_04622,SEG_0012
GRW_04623,SEG_0018
GRW_04624,SEG_0002
GRW_04625,SEG_0035
GRW_04626,SEG_0012
GRW_04627,SEG_0026
GRW_04628,SEG_0039
GRW_04629,SEG_0012
GRW_04630,SEG_0012
GRW_04631,SEG_0041
GRW_04632,SEG_0002
GRW_04633,SEG_0012
GRW_04634,SEG_0012
GRW_04635,SEG_0018
GRW_04636,SEG_0049
GRW_04637,SEG_0020
GRW_04638,SEG_0003
GRW_04639,SEG_0019
GRW_04640,SEG_0000
GRW_04641,SEG_0040
GRW_04642,SEG_0012
GRW_04643,SEG_0009
GRW_04644,SEG_0029
GRW_04645,SEG_0000
GRW_04646,SEG_0015
GRW_04647,SEG_0029
GRW_04648,SEG_0049
GRW_04649,SEG_0012
GRW_04650,SEG_0037
GRW_04651,SEG_0004
GRW_04652,SEG_0015
GRW_04653,SEG_0016
GRW_04654,SEG_0012
GRW_04655,SEG_0010
GRW_04656,SEG_0001
GRW_04657,SEG_0003
GRW_04658,SEG_0027
GRW_04659,SEG_0012
GRW_04660,SEG_0023
GRW_04661,SEG_0026
GRW_04662,SEG_0050
GRW_04663,SEG_0020
GRW_04664,SEG_0030
GRW_04665,SEG_0048
GRW_04666,SEG_0012
GRW_04667,SEG_0002
GRW_04668,SEG_0035
GRW_04669,SEG_0045
GRW_04670,SEG_0036
GRW_04671,SEG_0009
GRW_04672,SEG_0046
GRW_04673,SEG_0016
GRW_04674,SEG_0022
GRW_04675,SEG_0009
GRW_04676,SEG_0026
GRW_04677,SEG_0045
GRW_04678,SEG_0012
GRW_04679,SEG_0009
GRW_04680,SEG_0007
GRW_04681,SEG_0028
GRW_04682,SEG_0012
GRW_04683,SEG_0016
GRW_04684,SEG_0023
GRW_04685,SEG_0012
GRW_04686,SEG_0012
GRW_04687,SEG_0004
GRW_04688,SEG_0012
GRW_04689,SEG_0047
GRW_04690,SEG_0033
GRW_04691,SEG_0014
GRW_04692,SEG_0045
GRW_04693,SEG_0034
GRW_04694,SEG_0040
GRW_04695,SEG_0012
GRW_04696,SEG_0014
GRW_04697,SEG_0012
GRW_04698,SEG_0014
GRW_04699,SEG_0009
GRW_04700,SEG_0043
GRW_04701,SEG_0000
GRW_04702,SEG_0003
GRW_04703,SEG_0009
GRW_04704,SEG_0012
GRW_04705,SEG_0030
GRW_04706,SEG_0013
GRW_04707,SEG_0013
GRW_04708,SEG_0009
GRW_04709,SEG_0014
GRW_04710,SEG_0029
GRW_04711,SEG_0011
GRW_04712,SEG_0009
GRW_04713,SEG_0041
GRW_04714,SEG_0000
GRW_04715,SEG_0042
GRW_04716,SEG_0039
GRW_04717,SEG_0022
GRW_04718,SEG_0017
GRW_04719,SEG_0001
GRW_04720,SEG_0001
GRW_04721,SEG_0009
GRW_04722,SEG_0037
GRW_04723,SEG_0012
GRW_04724,SEG_0019
GRW_04725,SEG_0009
GRW_04726,SEG_0021
GRW_04727,SEG_0047
GRW_04728,SEG_0005
GRW_04729,SEG_0046
GRW_04730,SEG_0004
GRW_04731,SEG_0025
GRW_04732,SEG_0012
GRW_04733,SEG_0047
GRW_04734,SEG_0012
GRW_04735,SEG_0036
GRW_04736,SEG_0012
GRW_04737,SEG_0045
GRW_04738,SEG_0024
GRW_04739,SEG_0014
GRW_04740,SEG_0023
GRW_04741,SEG_0049
GRW_04742,SEG_0017
GRW_04743,SEG_0024
GRW_04744,SEG_0026
GRW_04745,SEG_0044
GRW_04746,SEG_0023
GRW_04747,SEG_0002
GRW_04748,SEG_0051
GRW_04749,SEG_0049
GRW_04750,SEG_0009
GRW_04751,SEG_0014
GRW_04752,SEG_0017
GRW_04753,SEG_0003
GRW_04754,SEG_0040
GRW_04755,SEG_0014
GRW_04756,SEG_0001
GRW_04757,SEG_0017
GRW_04758,SEG_0013
GRW_04759,SEG_0011
GRW_04760,SEG_0000
GRW_04761,SEG_0003
GRW_04762,SEG_0018
GRW_04763,SEG_0013
GRW_04764,SEG_0000
GRW_04765,SEG_0024
GRW_04766,SEG_0009
GRW_04767,SEG_0012
GRW_04768,SEG_0015
GRW_04769,SEG_0007
GRW_04770,SEG_0015
GRW_04771,SEG_0008
GRW_04772,SEG_0026
GRW_04773,SEG_0041
GRW_04774,SEG_0041
GRW_04775,SEG_0012
GRW_04776,SEG_0036
GRW_04777,SEG_0045
GRW_04778,SEG_0001
GRW_04779,SEG_0047
GRW_04780,SEG_0027
GRW_04781,SEG_0012
GRW_04782,SEG_0012
GRW_04783,SEG_0012
GRW_04784,SEG_0010
GRW_04785,SEG_0001
GRW_04786,SEG_0009
GRW_04787,SEG_0025
GRW_04788,SEG_0002
GRW_04789,SEG_0026
GRW_04790,SEG_0043
GRW_04791,SEG_0002
GRW_04792,SEG_0003
GRW_04793,SEG_0000
GRW_04794,SEG_0049
GRW_04795,SEG_0001
GRW_04796,SEG_0025
GRW_04797,SEG_0019
GRW_04798,SEG_0003
GRW_04799,SEG_0003
GRW_04800,SEG_0012
GRW_04801,SEG_0026
GRW_04802,SEG_0002
GRW_04803,SEG_0009
GRW_04804,SEG_0019
GRW_04805,SEG_0023
GRW_04806,SEG_0003
GRW_04807,SEG_0022
GRW_04808,SEG_0048
GRW_04809,SEG_0003
GRW_04810,SEG_0033
GRW_04811,SEG_0012
GRW_04812,SEG_0033
GRW_04813,SEG_0012
GRW_04814,SEG_0031
GRW_04815,SEG_0010
GRW_04816,SEG_0044
GRW_04817,SEG_0038
GRW_04818,SEG_0009
GRW_04819,SEG_0019
GRW_04820,SEG_0042
GRW_04821,SEG_0007
GRW_04822,SEG_0028
GRW_04823,SEG_0000
GRW_04824,SEG_0029
GRW_04825,SEG_0015
GRW_04826,SEG_0028
GRW_04827,SEG_0032
GRW_04828,SEG_0024
GRW_04829,SEG_0007
GRW_04830,SEG_0007
GRW_04831,SEG_0009
GRW_04832,SEG_0012
GRW_04833,SEG_0023
GRW_04834,SEG_0047
GRW_04835,SEG_0025
GRW_04836,SEG_0010
GRW_04837,SEG_0002
GRW_04838,SEG_0024
GRW_04839,SEG_0045
GRW_04840,SEG_0003
GRW_04841,SEG_0012
GRW_04842,SEG_0028
GRW_04843,SEG_0004
GRW_04844,SEG_0003
GRW_04845,SEG_0047
GRW_04846,SEG_0039
GRW_04847,SEG_0036
GRW_04848,SEG_0012
GRW_04849,SEG_0010
GRW_04850,SEG_0009
GRW_04851,SEG_0012
GRW_04852,SEG_0009
GRW_04853,SEG_0009
GRW_04854,SEG_0043
GRW_04855,SEG_0030
GRW_04856,SEG_0033
GRW_04857,SEG_0020
GRW_04858,SEG_0000
GRW_04859,SEG_0048
GRW_04860,SEG_0040
GRW_04861,SEG_0012
GRW_04862,SEG_0047
GRW_04863,SEG_0034
GRW_04864,SEG_0051
GRW_04865,SEG_0030
GRW_04866,SEG_0026
GRW_04867,SEG_0003
GRW_04868,SEG_0015
GRW_04869,SEG_0040
GRW_04870,SEG_0032
GRW_04871,SEG_0001
GRW_04872,SEG_0008
GRW_04873,SEG_0012
GRW_04874,SEG_0000
GRW_04875,SEG_0046
GRW_04876,SEG_0006
GRW_04877,SEG_0000
GRW_04878,SEG_0036
GRW_04879,SEG_0014
GRW_04880,SEG_0020
GRW_04881,SEG_0009
GRW_04882,SEG_0015
GRW_04883,SEG_0009
GRW_04884,SEG_0051
GRW_04885,SEG_0010
GRW_04886,SEG_0007
GRW_04887,SEG_0034
GRW_04888,SEG_0002
GRW_04889,SEG_0043
GRW_04890,SEG_0014
GRW_04891,SEG_0049
GRW_04892,SEG_0022
GRW_04893,SEG_0033
GRW_04894,SEG_0012
GRW_04895,SEG_0042
GRW_04896,SEG_0012
GRW_04897,SEG_0043
GRW_04898,SEG_0036
GRW_04899,SEG_0012
GRW_04900,SEG_0010
GRW_04901,SEG_0051
GRW_04902,SEG_0043
GRW_04903,SEG_0000
GRW_04904,SEG_0012
GRW_04905,SEG_0014
GRW_04906,SEG_0000
GRW_04907,SEG_0043
GRW_04908,SEG_0000
GRW_04909,SEG_0017
GRW_04910,SEG_0011
GRW_04911,SEG_0012
GRW_04912,SEG_0040
GRW_04913,SEG_0010
GRW_04914,SEG_0012
GRW_04915,SEG_0016
GRW_04916,SEG_0004
GRW_04917,SEG_0009
GRW_04918,SEG_0009
GRW_04919,SEG_0035
GRW_04920,SEG_0024
GRW_04921,SEG_0021
GRW_04922,SEG_0012
GRW_04923,SEG_0012
GRW_04924,SEG_0022
GRW_04925,SEG_0012
GRW_04926,SEG_0015
GRW_04927,SEG_0048
GRW_04928,SEG_0048
GRW_04929,SEG_0028
GRW_04930,SEG_0028
GRW_04931,SEG_0009
GRW_04932,SEG_0003
GRW_04933,SEG_0002
GRW_04934,SEG_0030
GRW_04935,SEG_0050
GRW_04936,SEG_0000
GRW_04937,SEG_0003
GRW_04938,SEG_0033
GRW_04939,SEG_0047
GRW_04940,SEG_0014
GRW_04941,SEG_0050
GRW_04942,SEG_0012
GRW_04943,SEG_0015
GRW_04944,SEG_0014
GRW_04945,SEG_0012
GRW_04946,SEG_0046
GRW_04947,SEG_0039
GRW_04948,SEG_0013
GRW_04949,SEG_0042
GRW_04950,SEG_0043
GRW_04951,SEG_0012
GRW_04952,SEG_0018
GRW_04953,SEG_0031
GRW_04954,SEG_0012
GRW_04955,SEG_0042
GRW_04956,SEG_0035
GRW_04957,SEG_0026
GRW_04958,SEG_0024
GRW_04959,SEG_0003
GRW_04960,SEG_0012
GRW_04961,SEG_0040
GRW_04962,SEG_0026
GRW_04963,SEG_0012
GRW_04964,SEG_0025
GRW_04965,SEG_0038
GRW_04966,SEG_0008
GRW_04967,SEG_0003
GRW_04968,SEG_0037
GRW_04969,SEG_0028
GRW_04970,SEG_0033
GRW_04971,SEG_0015
GRW_04972,SEG_0004
GRW_04973,SEG_0013
GRW_04974,SEG_0012
GRW_04975,SEG_0009
GRW_04976,SEG_0012
GRW_04977,SEG_0010
GRW_04978,SEG_0024
GRW_04979,SEG_0007
GRW_04980,SEG_0012
GRW_04981,SEG_0033
GRW_04982,SEG_0032
GRW_04983,SEG_0035
GRW_04984,SEG_0003
GRW_04985,SEG_0051
GRW_04986,SEG_0009
GRW_04987,SEG_0004
GRW_04988,SEG_0012
GRW_04989,SEG_0027
GRW_04990,SEG_0008
GRW_04991,SEG_0012
GRW_04992,SEG_0008
GRW_04993,SEG_0032
GRW_04994,SEG_0011
GRW_04995,SEG_0041
GRW_04996,SEG_0000
GRW_04997,SEG_0042
GRW_04998,SEG_0023
GRW_04999,SEG_0012
GRW_05000,SEG_0003
GRW_05001,SEG_0031
GRW_05002,SEG_0014
GRW_05003,SEG_0012
GRW_05004,SEG_0009
GRW_05005,SEG_0051
GRW_05006,SEG_0009
GRW_05007,SEG_0008
GRW_05008,SEG_0043
GRW_05009,SEG_0026
GRW_05010,SEG_0042
GRW_05011,SEG_0012
GRW_05012,SEG_0001
GRW_05013,SEG_0034
GRW_05014,SEG_0025
GRW_05015,SEG_0032
GRW_05016,SEG_0036
GRW_05017,SEG_0014
GRW_05018,SEG_0010
GRW_05019,SEG_0031
GRW_05020,SEG_0018
GRW_05021,SEG_0002
GRW_05022,SEG_0012
GRW_05023,SEG_0037
GRW_05024,SEG_0012
GRW_05025,SEG_0018
GRW_05026,SEG_0015
GRW_05027,SEG_0012
GRW_05028,SEG_0022
GRW_05029,SEG_0010
GRW_05030,SEG_0012
GRW_05031,SEG_0002
GRW_05032,SEG_0002
GRW_05033,SEG_0012
GRW_05034,SEG_0047
GRW_05035,SEG_0020
GRW_05036,SEG_0019
GRW_05037,SEG_0033
GRW_05038,SEG_0012
GRW_05039,SEG_0012
GRW_05040,SEG_0045
GRW_05041,SEG_0018
GRW_05042,SEG_0012
GRW_05043,SEG_0038
GRW_05044,SEG_0006
GRW_05045,SEG_0002
GRW_05046,SEG_0014
GRW_05047,SEG_0018
GRW_05048,SEG_0032
GRW_05049,SEG_0041
GRW_05050,SEG_0026
GRW_05051,SEG_0009
GRW_05052,SEG_0012
GRW_05053,SEG_0012
GRW_05054,SEG_0050
GRW_05055,SEG_0002
GRW_05056,SEG_0019
GRW_05057,SEG_0013
GRW_05058,SEG_0009
GRW_05059,SEG_0045
GRW_05060,SEG_0015
GRW_05061,SEG_0045
GRW_05062,SEG_0000
GRW_05063,SEG_0015
GRW_05064,SEG_0012
GRW_05065,SEG_0046
GRW_05066,SEG_0004
GRW_05067,SEG_0042
GRW_05068,SEG_0009
GRW_05069,SEG_0012
GRW_05070,SEG_0012
GRW_05071,SEG_0032
GRW_05072,SEG_0045
GRW_05073,SEG_0016
GRW_05074,SEG_0037
GRW_05075,SEG_0013
GRW_05076,SEG_0043
GRW_05077,SEG_0009
GRW_05078,SEG_0009
GRW_05079,SEG_0021
GRW_05080,SEG_0027
GRW_05081,SEG_0027
GRW_05082,SEG_0005
GRW_05083,SEG_0046
GRW_05084,SEG_0012
GRW_05085,SEG_0012
GRW_05086,SEG_0000
GRW_05087,SEG_0003
GRW_05088,SEG_0002
GRW_05089,SEG_0013
GRW_05090,SEG_0012
GRW_05091,SEG_0009
GRW_05092,SEG_0041
GRW_05093,SEG_0002
GRW_05094,SEG_0032
GRW_05095,SEG_0010
GRW_05096,SEG_0002
GRW_05097,SEG_0009
GRW_05098,SEG_0002
GRW_05099,SEG_0002
GRW_05100,SEG_0013
GRW_05101,SEG_0009
GRW_05102,SEG_0012
GRW_05103,SEG_0035
GRW_05104,SEG_0011
GRW_05105,SEG_0039
GRW_05106,SEG_0003
GRW_05107,SEG_0021
GRW_05108,SEG_0048
GRW_05109,SEG_0049
GRW_05110,SEG_0014
GRW_05111,SEG_0029
GRW_05112,SEG_0009
GRW_05113,SEG_0033
GRW_05114,SEG_0047
GRW_05115,SEG_0012
GRW_05116,SEG_0000
GRW_05117,SEG_0008
GRW_05118,SEG_0004
GRW_05119,SEG_0042
GRW_05120,SEG_0012
GRW_05121,SEG_0012
GRW_05122,SEG_0000
GRW_05123,SEG_0001
GRW_05124,SEG_0000
GRW_05125,SEG_0012
GRW_05126,SEG_0047
GRW_05127,SEG_0039
GRW_05128,SEG_0013
GRW_05129,SEG_0008
GRW_05130,SEG_0012
GRW_05131,SEG_0016
GRW_05132,SEG_0000
GRW_05133,SEG_0048
GRW_05134,SEG_0045
GRW_05135,SEG_0010
GRW_05136,SEG_0018
GRW_05137,SEG_0012
GRW_05138,SEG_0044
GRW_05139,SEG_0012
GRW_05140,SEG_0006
GRW_05141,SEG_0027
GRW_05142,SEG_0001
GRW_05143,SEG_0027
GRW_05144,SEG_0001
GRW_05145,SEG_0026
GRW_05146,SEG_0012
GRW_05147,SEG_0000
GRW_05148,SEG_0003
GRW_05149,SEG_0036
GRW_05150,SEG_0032
GRW_05151,SEG_0004
GRW_05152,SEG_0007
GRW_05153,SEG_0048
GRW_05154,SEG_0007
GRW_05155,SEG_0012
GRW_05156,SEG_0043
GRW_05157,SEG_0003
GRW_05158,SEG_0037
GRW_05159,SEG_0009
GRW_05160,SEG_0032
GRW_05161,SEG_0012
GRW_05162,SEG_0051
GRW_05163,SEG_0012
GRW_05164,SEG_0001
GRW_05165,SEG_0000
GRW_05166,SEG_0042
GRW_05167,SEG_0048
GRW_05168,SEG_0012
GRW_05169,SEG_0023
GRW_05170,SEG_0002
GRW_05171,SEG_0002
GRW_05172,SEG_0012
GRW_05173,SEG_0048
GRW_05174,SEG_0040
GRW_05175,SEG_0012
GRW_05176,SEG_0009
GRW_05177,SEG_0017
GRW_05178,SEG_0048
GRW_05179,SEG_0048
GRW_05180,SEG_0036
GRW_05181,SEG_0009
GRW_05182,SEG_0009
GRW_05183,SEG_0035
GRW_05184,SEG_0035
GRW_05185,SEG_0042
GRW_05186,SEG_0018
GRW_05187,SEG_0013
GRW_05188,SEG_0045
GRW_05189,SEG_0015
GRW_05190,SEG_0003
GRW_05191,SEG_0015
GRW_05192,SEG_0044
GRW_05193,SEG_0014
GRW_05194,SEG_0012
GRW_05195,SEG_0014
GRW_05196,SEG_0020
GRW_05197,SEG_0015
GRW_05198,SEG_0043
GRW_05199,SEG_0025
GRW_05200,SEG_0003
GRW_05201,SEG_0015
GRW_05202,SEG_0012
GRW_05203,SEG_0009
GRW_05204,SEG_0001
GRW_05205,SEG_0012
GRW_05206,SEG_0026
GRW_05207,SEG_0018
GRW_05208,SEG_0048
GRW_05209,SEG_0013
GRW_05210,SEG_0028
GRW_05211,SEG_0043
GRW_05212,SEG_0031
GRW_05213,SEG_0038
GRW_05214,SEG_0045
GRW_05215,SEG_0009
GRW_05216,SEG_0018
GRW_05217,SEG_0046
GRW_05218,SEG_0033
GRW_05219,SEG_0009
GRW_05220,SEG_0012
GRW_05221,SEG_0028
GRW_05222,SEG_0047
GRW_05223,SEG_0012
GRW_05224,SEG_0024
GRW_05225,SEG_0012
GRW_05226,SEG_0029
GRW_05227,SEG_0012
GRW_05228,SEG_0012
GRW_05229,SEG_0012
GRW_05230,SEG_0012
GRW_05231,SEG_0014
GRW_05232,SEG_0033
GRW_05233,SEG_0051
GRW_05234,SEG_0050
GRW_05235,SEG_0029
GRW_05236,SEG_0007
GRW_05237,SEG_0020
GRW_05238,SEG_0002
GRW_05239,SEG_0002
GRW_05240,SEG_0026
GRW_05241,SEG_0029
GRW_05242,SEG_0006
GRW_05243,SEG_0004
GRW_05244,SEG_0045
GRW_05245,SEG_0017
GRW_05246,SEG_0030
GRW_05247,SEG_0019
GRW_05248,SEG_0015
GRW_05249,SEG_0017
GRW_05250,SEG_0051
GRW_05251,SEG_0012
GRW_05252,SEG_0037
GRW_05253,SEG_0021
GRW_05254,SEG_0050
GRW_05255,SEG_0008
GRW_05256,SEG_0003
GRW_05257,SEG_0012
GRW_05258,SEG_0012
GRW_05259,SEG_0002
GRW_05260,SEG_0049
GRW_05261,SEG_0045
GRW_05262,SEG_0007
GRW_05263,SEG_0025
GRW_05264,SEG_0035
GRW_05265,SEG_0044
GRW_05266,SEG_0033
GRW_05267,SEG_0009
GRW_05268,SEG_0002
GRW_05269,SEG_0029
GRW_05270,SEG_0026
GRW_05271,SEG_0043
GRW_05272,SEG_0043
GRW_05273,SEG_0025
GRW_05274,SEG_0000
GRW_05275,SEG_0048
GRW_05276,SEG_0017
GRW_05277,SEG_0012
GRW_05278,SEG_0019
GRW_05279,SEG_0021
GRW_05280,SEG_0032
GRW_05281,SEG_0000
GRW_05282,SEG_0014
GRW_05283,SEG_0002
GRW_05284,SEG_0009
GRW_05285,SEG_0012
GRW_05286,SEG_0050
GRW_05287,SEG_0040
GRW_05288,SEG_0038
GRW_05289,SEG_0026
GRW_05290,SEG_0012
GRW_05291,SEG_0001
GRW_05292,SEG_0041
GRW_05293,SEG_0016
GRW_05294,SEG_0012
GRW_05295,SEG_0001
GRW_05296,SEG_0012
GRW_05297,SEG_0012
GRW_05298,SEG_0037
GRW_05299,SEG_0009
GRW_05300,SEG_0009
GRW_05301,SEG_0000
GRW_05302,SEG_0005
GRW_05303,SEG_0027
GRW_05304,SEG_0009
GRW_05305,SEG_0003
GRW_05306,SEG_0031
GRW_05307,SEG_0000
GRW_05308,SEG_0034
GRW_05309,SEG_0049
GRW_05310,SEG_0001
GRW_05311,SEG_0010
GRW_05312,SEG_0014
GRW_05313,SEG_0026
GRW_05314,SEG_0015
GRW_05315,SEG_0023
GRW_05316,SEG_0003
GRW_05317,SEG_0048
GRW_05318,SEG_0026
GRW_05319,SEG_0022
GRW_05320,SEG_0012
GRW_05321,SEG_0002
GRW_05322,SEG_0043
GRW_05323,SEG_0042
GRW_05324,SEG_0003
GRW_05325,SEG_0009
GRW_05326,SEG_0012
GRW_05327,SEG_0027
GRW_05328,SEG_0012
GRW_05329,SEG_0012
GRW_05330,SEG_0019
GRW_05331,SEG_0051
GRW_05332,SEG_0011
GRW_05333,SEG_0050
GRW_05334,SEG_0009
GRW_05335,SEG_0015
GRW_05336,SEG_0012
GRW_05337,SEG_0049
GRW_05338,SEG_0012
GRW_05339,SEG_0012
GRW_05340,SEG_0033
GRW_05341,SEG_0020
GRW_05342,SEG_0029
GRW_05343,SEG_0030
GRW_05344,SEG_0001
GRW_05345,SEG_0000
GRW_05346,SEG_0030
GRW_05347,SEG_0021
GRW_05348,SEG_0001
GRW_05349,SEG_0025
GRW_05350,SEG_0014
GRW_05351,SEG_0047
GRW_05352,SEG_0003
GRW_05353,SEG_0035
GRW_05354,SEG_0009
GRW_05355,SEG_0012
GRW_05356,SEG_0017
GRW_05357,SEG_0026
GRW_05358,SEG_0041
GRW_05359,SEG_0009
GRW_05360,SEG_0014
GRW_05361,SEG_0010
GRW_05362,SEG_0003
GRW_05363,SEG_0012
GRW_05364,SEG_0020
GRW_05365,SEG_0010
GRW_05366,SEG_0050
GRW_05367,SEG_0044
GRW_05368,SEG_0018
GRW_05369,SEG_0049
GRW_05370,SEG_0004
GRW_05371,SEG_0040
GRW_05372,SEG_0009
GRW_05373,SEG_0030
GRW_05374,SEG_0036
GRW_05375,SEG_0001
GRW_05376,SEG_0030
GRW_05377,SEG_0009
GRW_05378,SEG_0000
GRW_05379,SEG_0011
GRW_05380,SEG_0028
GRW_05381,SEG_0014
GRW_05382,SEG_0003
GRW_05383,SEG_0046
GRW_05384,SEG_0000
GRW_05385,SEG_0002
GRW_05386,SEG_0002
GRW_05387,SEG_0048
GRW_05388,SEG_0009
GRW_05389,SEG_0045
GRW_05390,SEG_0002
GRW_05391,SEG_0012
GRW_05392,SEG_0002
GRW_05393,SEG_0009
GRW_05394,SEG_0026
GRW_05395,SEG_0012
GRW_05396,SEG_0015
GRW_05397,SEG_0014
GRW_05398,SEG_0012
GRW_05399,SEG_0025
GRW_05400,SEG_0009
GRW_05401,SEG_0009
GRW_05402,SEG_0038
GRW_05403,SEG_0009
GRW_05404,SEG_0026
GRW_05405,SEG_0014
GRW_05406,SEG_0051
GRW_05407,SEG_0014
GRW_05408,SEG_0000
GRW_05409,SEG_0005
GRW_05410,SEG_0003
GRW_05411,SEG_0043
GRW_05412,SEG_0014
GRW_05413,SEG_0024
GRW_05414,SEG_0026
GRW_05415,SEG_0028
GRW_05416,SEG_0029
GRW_05417,SEG_0012
GRW_05418,SEG_0010
GRW_05419,SEG_0012
GRW_05420,SEG_0017
GRW_05421,SEG_0042
GRW_05422,SEG_0044
GRW_05423,SEG_0003
GRW_05424,SEG_0032
GRW_05425,SEG_0003
GRW_05426,SEG_0034
GRW_05427,SEG_0012
GRW_05428,SEG_0005
GRW_05429,SEG_0004
GRW_05430,SEG_0038
GRW_05431,SEG_0003
GRW_05432,SEG_0012
GRW_05433,SEG_0051
GRW_05434,SEG_0029
GRW_05435,SEG_0000
GRW_05436,SEG_0027
GRW_05437,SEG_0002
GRW_05438,SEG_0038
GRW_05439,SEG_0012
GRW_05440,SEG_0000
GRW_05441,SEG_0002
GRW_05442,SEG_0030
GRW_05443,SEG_0003
GRW_05444,SEG_0049
GRW_05445,SEG_0047
GRW_05446,SEG_0003
GRW_05447,SEG_0012
GRW_05448,SEG_0012
GRW_05449,SEG_0029
GRW_05450,SEG_0009
GRW_05451,SEG_0012
GRW_05452,SEG_0027
GRW_05453,SEG_0021
GRW_05454,SEG_0015
GRW_05455,SEG_0012
GRW_05456,SEG_0048
GRW_05457,SEG_0009
GRW_05458,SEG_0033
GRW_05459,SEG_0012
GRW_05460,SEG_0049
GRW_05461,SEG_0043
GRW_05462,SEG_0000
GRW_05463,SEG_0000
GRW_05464,SEG_0018
GRW_05465,SEG_0010
GRW_05466,SEG_0012
GRW_05467,SEG_0001
GRW_05468,SEG_0010
GRW_05469,SEG_0027
GRW_05470,SEG_0012
GRW_05471,SEG_0049
GRW_05472,SEG_0009
GRW_05473,SEG_0012
GRW_05474,SEG_0012
GRW_05475,SEG_0012
GRW_05476,SEG_0049
GRW_05477,SEG_0002
GRW_05478,SEG_0027
GRW_05479,SEG_0021
GRW_05480,SEG_0024
GRW_05481,SEG_0028
GRW_05482,SEG_0012
GRW_05483,SEG_0012
GRW_05484,SEG_0004
GRW_05485,SEG_0000
GRW_05486,SEG_0051
GRW_05487,SEG_0029
GRW_05488,SEG_0038
GRW_05489,SEG_0025
GRW_05490,SEG_0040
GRW_05491,SEG_0009
GRW_05492,SEG_0023
GRW_05493,SEG_0009
GRW_05494,SEG_0000
GRW_05495,SEG_0012
GRW_05496,SEG_0007
GRW_05497,SEG_0009
GRW_05498,SEG_0011
GRW_05499,SEG_0033
GRW_05500,SEG_0012
GRW_05501,SEG_0004
GRW_05502,SEG_0012
GRW_05503,SEG_0012
GRW_05504,SEG_0009
GRW_05505,SEG_0015
GRW_05506,SEG_0038
GRW_05507,SEG_0012
GRW_05508,SEG_0012
GRW_05509,SEG_0045
GRW_05510,SEG_0011
GRW_05511,SEG_0012
GRW_05512,SEG_0012
GRW_05513,SEG_0003
GRW_05514,SEG_0012
GRW_05515,SEG_0038
GRW_05516,SEG_0048
GRW_05517,SEG_0003
GRW_05518,SEG_0006
GRW_05519,SEG_0002
GRW_05520,SEG_0051
GRW_05521,SEG_0001
GRW_05522,SEG_0012
GRW_05523,SEG_0009
GRW_05524,SEG_0003
GRW_05525,SEG_0005
GRW_05526,SEG_0049
GRW_05527,SEG_0045
GRW_05528,SEG_0001
GRW_05529,SEG_0037
GRW_05530,SEG_0003
GRW_05531,SEG_0025
GRW_05532,SEG_0042
GRW_05533,SEG_0007
GRW_05534,SEG_0012
GRW_05535,SEG_0000
GRW_05536,SEG_0014
GRW_05537,SEG_0012
GRW_05538,SEG_0006
GRW_05539,SEG_0003
GRW_05540,SEG_0042
GRW_05541,SEG_0018
GRW_05542,SEG_0012
GRW_05543,SEG_0012
GRW_05544,SEG_0012
GRW_05545,SEG_0012
GRW_05546,SEG_0012
GRW_05547,SEG_0009
GRW_05548,SEG_0024
GRW_05549,SEG_0035
GRW_05550,SEG_0009
GRW_05551,SEG_0047
GRW_05552,SEG_0012
GRW_05553,SEG_0040
GRW_05554,SEG_0014
GRW_05555,SEG_0003
GRW_05556,SEG_0048
GRW_05557,SEG_0040
GRW_05558,SEG_0039
GRW_05559,SEG_0018
GRW_05560,SEG_0024
GRW_05561,SEG_0036
GRW_05562,SEG_0019
GRW_05563,SEG_0001
GRW_05564,SEG_0012
GRW_05565,SEG_0012
GRW_05566,SEG_0009
GRW_05567,SEG_0001
GRW_05568,SEG_0015
GRW_05569,SEG_0012
GRW_05570,SEG_0009
GRW_05571,SEG_0041
GRW_05572,SEG_0045
GRW_05573,SEG_0003
GRW_05574,SEG_0043
GRW_05575,SEG_0001
GRW_05576,SEG_0009
GRW_05577,SEG_0048
GRW_05578,SEG_0012
GRW_05579,SEG_0012
GRW_05580,SEG_0002
GRW_05581,SEG_0011
GRW_05582,SEG_0045
GRW_05583,SEG_0012
GRW_05584,SEG_0038
GRW_05585,SEG_0012
GRW_05586,SEG_0012
GRW_05587,SEG_0039
GRW_05588,SEG_0001
GRW_05589,SEG_0028
GRW_05590,SEG_0033
GRW_05591,SEG_0007
GRW_05592,SEG_0022
GRW_05593,SEG_0012
GRW_05594,SEG_0014
GRW_05595,SEG_0012
GRW_05596,SEG_0007
GRW_05597,SEG_0012
GRW_05598,SEG_0007
GRW_05599,SEG_0041
GRW_05600,SEG_0041
GRW_05601,SEG_0002
GRW_05602,SEG_0049
GRW_05603,SEG_0012
GRW_05604,SEG_0048
GRW_05605,SEG_0015
GRW_05606,SEG_0045
GRW_05607,SEG_0009
GRW_05608,SEG_0024
GRW_05609,SEG_0041
GRW_05610,SEG_0033
GRW_05611,SEG_0001
GRW_05612,SEG_0009
GRW_05613,SEG_0027
GRW_05614,SEG_0030
GRW_05615,SEG_0037
GRW_05616,SEG_0009
GRW_05617,SEG_0012
GRW_05618,SEG_0050
GRW_05619,SEG_0012
GRW_05620,SEG_0009
GRW_05621,SEG_0026
GRW_05622,SEG_0001
GRW_05623,SEG_0011
GRW_05624,SEG_0012
GRW_05625,SEG_0009
GRW_05626,SEG_0050
GRW_05627,SEG_0024
GRW_05628,SEG_0040
GRW_05629,SEG_0012
GRW_05630,SEG_0012
GRW_05631,SEG_0009
GRW_05632,SEG_0038
GRW_05633,SEG_0048
GRW_05634,SEG_0017
GRW_05635,SEG_0012
GRW_05636,SEG_0001
GRW_05637,SEG_0001
GRW_05638,SEG_0008
GRW_05639,SEG_0009
GRW_05640,SEG_0010
GRW_05641,SEG_0045
GRW_05642,SEG_0014
GRW_05643,SEG_0012
GRW_05644,SEG_0010
GRW_05645,SEG_0039
GRW_05646,SEG_0026
GRW_05647,SEG_0001
GRW_05648,SEG_0009
GRW_05649,SEG_0009
GRW_05650,SEG_0003
GRW_05651,SEG_0048
GRW_05652,SEG_0003
GRW_05653,SEG_0043
GRW_05654,SEG_0015
GRW_05655,SEG_0000
GRW_05656,SEG_0013
GRW_05657,SEG_0048
GRW_05658,SEG_0018
GRW_05659,SEG_0017
GRW_05660,SEG_0002
GRW_05661,SEG_0013
GRW_05662,SEG_0014
GRW_05663,SEG_0001
GRW_05664,SEG_0042
GRW_05665,SEG_0009
GRW_05666,SEG_0040
GRW_05667,SEG_0034
GRW_05668,SEG_0046
GRW_05669,SEG_0013
GRW_05670,SEG_0026
GRW_05671,SEG_0039
GRW_05672,SEG_0015
GRW_05673,SEG_0033
GRW_05674,SEG_0012
GRW_05675,SEG_0012
GRW_05676,SEG_0044
GRW_05677,SEG_0037
GRW_05678,SEG_0024
GRW_05679,SEG_0003
GRW_05680,SEG_0007
GRW_05681,SEG_0019
GRW_05682,SEG_0047
GRW_05683,SEG_0001
GRW_05684,SEG_0038
GRW_05685,SEG_0020
GRW_05686,SEG_0048
GRW_05687,SEG_0015
GRW_05688,SEG_0024
GRW_05689,SEG_0017
GRW_05690,SEG_0002
GRW_05691,SEG_0024
GRW_05692,SEG_0051
GRW_05693,SEG_0002
GRW_05694,SEG_0000
GRW_05695,SEG_0019
GRW_05696,SEG_0012
GRW_05697,SEG_0045
GRW_05698,SEG_0003
GRW_05699,SEG_0051
GRW_05700,SEG_0003
GRW_05701,SEG_0048
GRW_05702,SEG_0048
GRW_05703,SEG_0009
GRW_05704,SEG_0012
GRW_05705,SEG_0012
GRW_05706,SEG_0043
GRW_05707,SEG_0050
GRW_05708,SEG_0043
GRW_05709,SEG_0022
GRW_05710,SEG_0017
GRW_05711,SEG_0003
GRW_05712,SEG_0012
GRW_05713,SEG_0008
GRW_05714,SEG_0010
GRW_05715,SEG_0012
GRW_05716,SEG_0014
GRW_05717,SEG_0030
GRW_05718,SEG_0016
GRW_05719,SEG_0010
GRW_05720,SEG_0009
GRW_05721,SEG_0024
GRW_05722,SEG_0040
GRW_05723,SEG_0024
GRW_05724,SEG_0044
GRW_05725,SEG_0044
GRW_05726,SEG_0012
GRW_05727,SEG_0007
GRW_05728,SEG_0009
GRW_05729,SEG_0004
GRW_05730,SEG_0029
GRW_05731,SEG_0015
GRW_05732,SEG_0013
GRW_05733,SEG_0014
GRW_05734,SEG_0007
GRW_05735,SEG_0044
GRW_05736,SEG_0012
GRW_05737,SEG_0011
GRW_05738,SEG_0003
GRW_05739,SEG_0022
GRW_05740,SEG_0003
GRW_05741,SEG_0001
GRW_05742,SEG_0050
GRW_05743,SEG_0030
GRW_05744,SEG_0003
GRW_05745,SEG_0048
GRW_05746,SEG_0000
GRW_05747,SEG_0008
GRW_05748,SEG_0012
GRW_05749,SEG_0012
GRW_05750,SEG_0024
GRW_05751,SEG_0003
GRW_05752,SEG_0049
GRW_05753,SEG_0032
GRW_05754,SEG_0035
GRW_05755,SEG_0002
GRW_05756,SEG_0001
GRW_05757,SEG_0025
GRW_05758,SEG_0012
GRW_05759,SEG_0013
GRW_05760,SEG_0019
GRW_05761,SEG_0045
GRW_05762,SEG_0000
GRW_05763,SEG_0003
GRW_05764,SEG_0001
GRW_05765,SEG_0022
GRW_05766,SEG_0010
GRW_05767,SEG_0019
GRW_05768,SEG_0045
GRW_05769,SEG_0010
GRW_05770,SEG_0019
GRW_05771,SEG_0037
GRW_05772,SEG_0050
GRW_05773,SEG_0008
GRW_05774,SEG_0020
GRW_05775,SEG_0008
GRW_05776,SEG_0013
GRW_05777,SEG_0018
GRW_05778,SEG_0045
GRW_05779,SEG_0044
GRW_05780,SEG_0038
GRW_05781,SEG_0012
GRW_05782,SEG_0051
GRW_05783,SEG_0009
GRW_05784,SEG_0024
GRW_05785,SEG_0039
GRW_05786,SEG_0026
GRW_05787,SEG_0011
GRW_05788,SEG_0012
GRW_05789,SEG_0015
GRW_05790,SEG_0007
GRW_05791,SEG_0049
GRW_05792,SEG_0031
GRW_05793,SEG_0004
GRW_05794,SEG_0035
GRW_05795,SEG_0048
GRW_05796,SEG_0012
GRW_05797,SEG_0012
GRW_05798,SEG_0045
GRW_05799,SEG_0026
GRW_05800,SEG_0041
GRW_05801,SEG_0015
GRW_05802,SEG_0029
GRW_05803,SEG_0012
GRW_05804,SEG_0044
GRW_05805,SEG_0034
GRW_05806,SEG_0009
GRW_05807,SEG_0037
GRW_05808,SEG_0042
GRW_05809,SEG_0014
GRW_05810,SEG_0038
GRW_05811,SEG_0002
GRW_05812,SEG_0012
GRW_05813,SEG_0012
GRW_05814,SEG_0009
GRW_05815,SEG_0035
GRW_05816,SEG_0043
GRW_05817,SEG_0001
GRW_05818,SEG_0009
GRW_05819,SEG_0014
GRW_05820,SEG_0009
GRW_05821,SEG_0028
GRW_05822,SEG_0012
GRW_05823,SEG_0034
GRW_05824,SEG_0012
GRW_05825,SEG_0030
GRW_05826,SEG_0016
GRW_05827,SEG_0003
GRW_05828,SEG_0012
GRW_05829,SEG_0047
GRW_05830,SEG_0033
GRW_05831,SEG_0011
GRW_05832,SEG_0000
GRW_05833,SEG_0012
GRW_05834,SEG_0007
GRW_05835,SEG_0002
GRW_05836,SEG_0012
GRW_05837,SEG_0045
GRW_05838,SEG_0043
GRW_05839,SEG_0002
GRW_05840,SEG_0047
GRW_05841,SEG_0012
GRW_05842,SEG_0022
GRW_05843,SEG_0025
GRW_05844,SEG_0045
GRW_05845,SEG_0012
GRW_05846,SEG_0004
GRW_05847,SEG_0047
GRW_05848,SEG_0006
GRW_05849,SEG_0011
GRW_05850,SEG_0045
GRW_05851,SEG_0020
GRW_05852,SEG_0000
GRW_05853,SEG_0012
GRW_05854,SEG_0025
GRW_05855,SEG_0035
GRW_05856,SEG_0017
GRW_05857,SEG_0000
GRW_05858,SEG_0046
GRW_05859,SEG_0020
GRW_05860,SEG_0008
GRW_05861,SEG_0003
GRW_05862,SEG_0009
GRW_05863,SEG_0026
GRW_05864,SEG_0002
GRW_05865,SEG_0049
GRW_05866,SEG_0026
GRW_05867,SEG_0010
GRW_05868,SEG_0028
GRW_05869,SEG_0026
GRW_05870,SEG_0009
GRW_05871,SEG_0000
GRW_05872,SEG_0039
GRW_05873,SEG_0015
GRW_05874,SEG_0045
GRW_05875,SEG_0045
GRW_05876,SEG_0013
GRW_05877,SEG_0016
GRW_05878,SEG_0009
GRW_05879,SEG_0015
GRW_05880,SEG_0003
GRW_05881,SEG_0044
GRW_05882,SEG_0012
GRW_05883,SEG_0015
GRW_05884,SEG_0020
GRW_05885,SEG_0021
GRW_05886,SEG_0014
GRW_05887,SEG_0036
GRW_05888,SEG_0003
GRW_05889,SEG_0006
GRW_05890,SEG_0040
GRW_05891,SEG_0047
GRW_05892,SEG_0009
GRW_05893,SEG_0017
GRW_05894,SEG_0011
GRW_05895,SEG_0003
GRW_05896,SEG_0009
GRW_05897,SEG_0009
GRW_05898,SEG_0009
GRW_05899,SEG_0015
GRW_05900,SEG_0049
GRW_05901,SEG_0015
GRW_05902,SEG_0051
GRW_05903,SEG_0009
GRW_05904,SEG_0005
GRW_05905,SEG_0019
GRW_05906,SEG_0004
GRW_05907,SEG_0050
GRW_05908,SEG_0011
GRW_05909,SEG_0026
GRW_05910,SEG_0029
GRW_05911,SEG_0017
GRW_05912,SEG_0045
GRW_05913,SEG_0044
GRW_05914,SEG_0020
GRW_05915,SEG_0005
GRW_05916,SEG_0038
GRW_05917,SEG_0050
GRW_05918,SEG_0039
GRW_05919,SEG_0043
GRW_05920,SEG_0049
GRW_05921,SEG_0000
GRW_05922,SEG_0000
GRW_05923,SEG_0008
GRW_05924,SEG_0028
GRW_05925,SEG_0019
GRW_05926,SEG_0008
GRW_05927,SEG_0039
GRW_05928,SEG_0041
GRW_05929,SEG_0031
GRW_05930,SEG_0023
GRW_05931,SEG_0017
GRW_05932,SEG_0019
GRW_05933,SEG_0012
GRW_05934,SEG_0006
GRW_05935,SEG_0009
GRW_05936,SEG_0048
GRW_05937,SEG_0018
GRW_05938,SEG_0002
GRW_05939,SEG_0044
GRW_05940,SEG_0012
GRW_05941,SEG_0002
GRW_05942,SEG_0051
GRW_05943,SEG_0012
GRW_05944,SEG_0033
GRW_05945,SEG_0044
GRW_05946,SEG_0045
GRW_05947,SEG_0012
GRW_05948,SEG_0003
GRW_05949,SEG_0012
GRW_05950,SEG_0031
GRW_05951,SEG_0035
GRW_05952,SEG_0036
GRW_05953,SEG_0009
GRW_05954,SEG_0010
GRW_05955,SEG_0016
GRW_05956,SEG_0012
GRW_05957,SEG_0021
GRW_05958,SEG_0026
GRW_05959,SEG_0043
GRW_05960,SEG_0012
GRW_05961,SEG_0013
GRW_05962,SEG_0048
GRW_05963,SEG_0012
GRW_05964,SEG_0009
GRW_05965,SEG_0019
GRW_05966,SEG_0001
GRW_05967,SEG_0006
GRW_05968,SEG_0039
GRW_05969,SEG_0009
GRW_05970,SEG_0007
GRW_05971,SEG_0004
GRW_05972,SEG_0015
GRW_05973,SEG_0033
GRW_05974,SEG_0012
GRW_05975,SEG_0009
GRW_05976,SEG_0016
GRW_05977,SEG_0044
GRW_05978,SEG_0021
GRW_05979,SEG_0007
GRW_05980,SEG_0005
GRW_05981,SEG_0047
GRW_05982,SEG_0003
GRW_05983,SEG_0029
GRW_05984,SEG_0010
GRW_05985,SEG_0049
GRW_05986,SEG_0015
GRW_05987,SEG_0009
GRW_05988,SEG_0035
GRW_05989,SEG_0046
GRW_05990,SEG_0010
GRW_05991,SEG_0000
GRW_05992,SEG_0003
GRW_05993,SEG_0026
GRW_05994,SEG_0012
GRW_05995,SEG_0043
GRW_05996,SEG_0003
GRW_05997,SEG_0007
GRW_05998,SEG_0029
GRW_05999,SEG_0020
GRW_06000,SEG_0003
